Using pre-set license
Built from '6000.0/respin/6000.0.58f2-44b8bf3a32' branch; Version is '6000.0.58f2 (92dee566b325) revision 9625317'; Using compiler version '193933523'; Build Type 'Release'
OS: 'Windows 10  (10.0.19045) 64bit Core' Language: 'tr' Physical Memory: 16176 MB
BatchMode: 1, IsHumanControllingUs: 0, StartBugReporterOnCrash: 0, Is64bit: 1
Date: 2025-10-04T21:05:00Z

COMMAND LINE ARGUMENTS:
C:\Program Files\Unity\Hub\Editor\6000.0.58f2\Editor\Unity.exe
-adb2
-batchMode
-noUpm
-name
AssetImportWorker0
-projectPath
C:/Users/SERDUMEN/Documents/GitHub/Grup26
-logFile
Logs/AssetImportWorker0.log
-srvPort
49830
-job-worker-count
9
-background-job-worker-count
8
-gc-helper-count
1
-name
AssetImport
Successfully changed project path to: C:/Users/SERDUMEN/Documents/GitHub/Grup26
C:/Users/SERDUMEN/Documents/GitHub/Grup26
[UnityMemory] Configuration Parameters - Can be set up in boot.config
    "memorysetup-bucket-allocator-granularity=16"
    "memorysetup-bucket-allocator-bucket-count=8"
    "memorysetup-bucket-allocator-block-size=33554432"
    "memorysetup-bucket-allocator-block-count=8"
    "memorysetup-main-allocator-block-size=16777216"
    "memorysetup-thread-allocator-block-size=16777216"
    "memorysetup-gfx-main-allocator-block-size=16777216"
    "memorysetup-gfx-thread-allocator-block-size=16777216"
    "memorysetup-cache-allocator-block-size=4194304"
    "memorysetup-typetree-allocator-block-size=2097152"
    "memorysetup-profiler-bucket-allocator-granularity=16"
    "memorysetup-profiler-bucket-allocator-bucket-count=8"
    "memorysetup-profiler-bucket-allocator-block-size=33554432"
    "memorysetup-profiler-bucket-allocator-block-count=8"
    "memorysetup-profiler-allocator-block-size=16777216"
    "memorysetup-profiler-editor-allocator-block-size=1048576"
    "memorysetup-temp-allocator-size-main=16777216"
    "memorysetup-job-temp-allocator-block-size=2097152"
    "memorysetup-job-temp-allocator-block-size-background=1048576"
    "memorysetup-job-temp-allocator-reduction-small-platforms=262144"
    "memorysetup-allocator-temp-initial-block-size-main=262144"
    "memorysetup-allocator-temp-initial-block-size-worker=262144"
    "memorysetup-temp-allocator-size-background-worker=32768"
    "memorysetup-temp-allocator-size-job-worker=262144"
    "memorysetup-temp-allocator-size-preload-manager=33554432"
    "memorysetup-temp-allocator-size-nav-mesh-worker=65536"
    "memorysetup-temp-allocator-size-audio-worker=65536"
    "memorysetup-temp-allocator-size-cloud-worker=32768"
    "memorysetup-temp-allocator-size-gi-baking-worker=262144"
    "memorysetup-temp-allocator-size-gi-baking-worker=262144"
    "memorysetup-temp-allocator-size-gi-baking-worker=262144"
    "memorysetup-temp-allocator-size-gi-baking-worker=262144"
    "memorysetup-temp-allocator-size-gi-baking-worker=262144"
    "memorysetup-temp-allocator-size-gfx=262144"
Player connection [2568]  Target information:

Player connection [2568]  * "[IP] 192.168.1.102 [Port] 0 [Flags] 2 [Guid] 93988079 [EditorId] 93988079 [Version] 1048832 [Id] WindowsEditor(7,DESKTOP-1PCILA8) [Debug] 1 [PackageName] WindowsEditor [ProjectName] Editor" 

Player connection [2568] Host joined multi-casting on [225.0.0.222:54997]...
Player connection [2568] Host joined alternative multi-casting on [225.0.0.222:34997]...
JobSystem: Creating JobQueue using job-worker-count value 9
Input System module state changed to: Initialized.
[Physics::Module] Initialized fallback backend.
[Physics::Module] Id: 0xdecafbad
Library Redirect Path: Library/
[Physics::Module] Selected backend.
[Physics::Module] Name: PhysX
[Physics::Module] Id: 0xf2b8ea05
[Physics::Module] SDK Version: 4.1.2
[Physics::Module] Integration Version: 1.0.0
[Physics::Module] Threading Mode: Multi-Threaded
Refreshing native plugins compatible for Editor in 1.83 ms, found 3 plugins.
Preloading 0 native plugins for Editor in 0.00 ms.
Initialize engine version: 6000.0.58f2 (92dee566b325)
[Subsystems] Discovering subsystems at path C:/Program Files/Unity/Hub/Editor/6000.0.58f2/Editor/Data/Resources/UnitySubsystems
[Subsystems] Discovering subsystems at path C:/Users/SERDUMEN/Documents/GitHub/Grup26/Assets
GfxDevice: creating device client; kGfxThreadingModeNonThreaded
Direct3D:
    Version:  Direct3D 11.0 [level 11.1]
    Renderer: NVIDIA GeForce RTX 3070 Ti Laptop GPU (ID=0x24e0)
    Vendor:   NVIDIA
    VRAM:     8018 MB
    Driver:   32.0.15.8129
Initialize mono
Mono path[0] = 'C:/Program Files/Unity/Hub/Editor/6000.0.58f2/Editor/Data/Managed'
Mono path[1] = 'C:/Program Files/Unity/Hub/Editor/6000.0.58f2/Editor/Data/MonoBleedingEdge/lib/mono/unityjit-win32'
Mono config path = 'C:/Program Files/Unity/Hub/Editor/6000.0.58f2/Editor/Data/MonoBleedingEdge/etc'
Using monoOptions --debugger-agent=transport=dt_socket,embedding=1,server=y,suspend=n,address=127.0.0.1:56800
Begin MonoManager ReloadAssembly
Registering precompiled unity dll's ...
Register platform support module: C:/Program Files/Unity/Hub/Editor/6000.0.58f2/Editor/Data/PlaybackEngines/WindowsStandaloneSupport/UnityEditor.WindowsStandalone.Extensions.dll
Registered in 0.003934 seconds.
- Loaded All Assemblies, in  0.472 seconds
Native extension for WindowsStandalone target not found
Mono: successfully reloaded assembly
- Finished resetting the current domain, in  0.371 seconds
Domain Reload Profiling: 839ms
	BeginReloadAssembly (171ms)
		ExecutionOrderSort (0ms)
		DisableScriptedObjects (0ms)
		BackupInstance (0ms)
		ReleaseScriptingObjects (0ms)
		CreateAndSetChildDomain (1ms)
	RebuildCommonClasses (41ms)
	RebuildNativeTypeToScriptingClass (15ms)
	initialDomainReloadingComplete (61ms)
	LoadAllAssembliesAndSetupDomain (180ms)
		LoadAssemblies (167ms)
		RebuildTransferFunctionScriptingTraits (0ms)
		AnalyzeDomain (177ms)
			TypeCache.Refresh (175ms)
				TypeCache.ScanAssembly (160ms)
			BuildScriptInfoCaches (0ms)
			ResolveRequiredComponents (1ms)
	FinalizeReload (371ms)
		ReleaseScriptCaches (0ms)
		RebuildScriptCaches (0ms)
		SetupLoadedEditorAssemblies (326ms)
			LogAssemblyErrors (0ms)
			InitializePlatformSupportModulesInManaged (29ms)
			SetLoadedEditorAssemblies (5ms)
			BeforeProcessingInitializeOnLoad (54ms)
			ProcessInitializeOnLoadAttributes (179ms)
			ProcessInitializeOnLoadMethodAttributes (59ms)
			AfterProcessingInitializeOnLoad (0ms)
			EditorAssembliesLoaded (0ms)
		ExecutionOrderSort2 (0ms)
		AwakeInstancesAfterBackupRestoration (0ms)
========================================================================
Worker process is ready to serve import requests
Import Worker Mode flag is 0x00
Begin MonoManager ReloadAssembly
- Loaded All Assemblies, in  0.759 seconds
Refreshing native plugins compatible for Editor in 1.09 ms, found 3 plugins.
Native extension for WindowsStandalone target not found
Package Manager log level set to [2]
[Package Manager] Failed to launch server process. Reason: Unity was launched with the -noUpm command-line argument
[Package Manager] Unable to send message (not connected to server process).
[Package Manager] Cannot connect to Unity Package Manager local server
Mono: successfully reloaded assembly
- Finished resetting the current domain, in  0.603 seconds
Domain Reload Profiling: 1357ms
	BeginReloadAssembly (202ms)
		ExecutionOrderSort (0ms)
		DisableScriptedObjects (8ms)
		BackupInstance (0ms)
		ReleaseScriptingObjects (0ms)
		CreateAndSetChildDomain (28ms)
	RebuildCommonClasses (40ms)
	RebuildNativeTypeToScriptingClass (15ms)
	initialDomainReloadingComplete (44ms)
	LoadAllAssembliesAndSetupDomain (452ms)
		LoadAssemblies (360ms)
		RebuildTransferFunctionScriptingTraits (0ms)
		AnalyzeDomain (208ms)
			TypeCache.Refresh (166ms)
				TypeCache.ScanAssembly (153ms)
			BuildScriptInfoCaches (33ms)
			ResolveRequiredComponents (6ms)
	FinalizeReload (604ms)
		ReleaseScriptCaches (0ms)
		RebuildScriptCaches (0ms)
		SetupLoadedEditorAssemblies (478ms)
			LogAssemblyErrors (0ms)
			InitializePlatformSupportModulesInManaged (3ms)
			SetLoadedEditorAssemblies (4ms)
			BeforeProcessingInitializeOnLoad (103ms)
			ProcessInitializeOnLoadAttributes (330ms)
			ProcessInitializeOnLoadMethodAttributes (28ms)
			AfterProcessingInitializeOnLoad (9ms)
			EditorAssembliesLoaded (0ms)
		ExecutionOrderSort2 (0ms)
		AwakeInstancesAfterBackupRestoration (7ms)
Launched and connected shader compiler UnityShaderCompiler.exe after 0.02 seconds
Refreshing native plugins compatible for Editor in 0.75 ms, found 3 plugins.
Preloading 0 native plugins for Editor in 0.00 ms.
Unloading 0 Unused Serialized files (Serialized files now loaded: 0)
Unloading 3493 unused Assets / (0.7 MB). Loaded Objects now: 3984.
Memory consumption went from 86.8 MB to 86.1 MB.
Total: 4.322600 ms (FindLiveObjects: 0.257300 ms CreateObjectMapping: 0.201300 ms MarkObjects: 3.216300 ms  DeleteObjects: 0.647100 ms)

========================================================================
Received Import Request.
  Time since last request: 197912.051035 seconds.
  path: Assets/PlayerInteraction.cs
  artifactKey: Guid(afab1b2d69574488cbc568ccf6faf942) Importer(815301076,1909f56bfc062723c751e8b465ee728b)
Start importing Assets/PlayerInteraction.cs using Guid(afab1b2d69574488cbc568ccf6faf942) Importer(815301076,1909f56bfc062723c751e8b465ee728b) (PreviewImporter) -> (artifact id: '96d4fb36d405317c028867016a785360') in 0.005212 seconds
Number of updated asset objects reloaded before import = 0Number of asset objects unloaded after import = 0

========================================================================
Received Import Request.
  Time since last request: 0.000011 seconds.
  path: Assets/InventorySlotUI.cs
  artifactKey: Guid(5e2615d01f8654340b15d2b00d24b116) Importer(815301076,1909f56bfc062723c751e8b465ee728b)
Start importing Assets/InventorySlotUI.cs using Guid(5e2615d01f8654340b15d2b00d24b116) Importer(815301076,1909f56bfc062723c751e8b465ee728b) (PreviewImporter) -> (artifact id: 'f9c26be01db2e1801053b2ce48b26b84') in 0.0003442 seconds
Number of updated asset objects reloaded before import = 0Number of asset objects unloaded after import = 0

========================================================================
Received Import Request.
  Time since last request: 0.000029 seconds.
  path: Assets/KarakterHareket.cs
  artifactKey: Guid(094ab8116ad801144bc103cffd301ada) Importer(815301076,1909f56bfc062723c751e8b465ee728b)
Start importing Assets/KarakterHareket.cs using Guid(094ab8116ad801144bc103cffd301ada) Importer(815301076,1909f56bfc062723c751e8b465ee728b) (PreviewImporter) -> (artifact id: '3563d3af7105bed42819f7630072f679') in 0.000279 seconds
Number of updated asset objects reloaded before import = 0Number of asset objects unloaded after import = 0

========================================================================
Received Import Request.
  Time since last request: 0.000033 seconds.
  path: Assets/PlacementSpot.cs
  artifactKey: Guid(28eb7b01c177e49a5bb1fb2ff056db4b) Importer(815301076,1909f56bfc062723c751e8b465ee728b)
Start importing Assets/PlacementSpot.cs using Guid(28eb7b01c177e49a5bb1fb2ff056db4b) Importer(815301076,1909f56bfc062723c751e8b465ee728b) (PreviewImporter) -> (artifact id: '73a79c92e5f89fc43b9fcd1439d9e8e8') in 0.000321 seconds
Number of updated asset objects reloaded before import = 0Number of asset objects unloaded after import = 0

========================================================================
Received Import Request.
  Time since last request: 0.000021 seconds.
  path: Assets/Item.cs
  artifactKey: Guid(32882fc6c25b549c4af7163fb5c4973d) Importer(815301076,1909f56bfc062723c751e8b465ee728b)
Start importing Assets/Item.cs using Guid(32882fc6c25b549c4af7163fb5c4973d) Importer(815301076,1909f56bfc062723c751e8b465ee728b) (PreviewImporter) -> (artifact id: '6a836c56e0677f6286db3f09f9e1e25d') in 0.0002744 seconds
Number of updated asset objects reloaded before import = 0Number of asset objects unloaded after import = 0

========================================================================
Received Import Request.
  Time since last request: 0.000013 seconds.
  path: Assets/InventoryManager.cs
  artifactKey: Guid(26ff3fba609cb9547b0312beeed2ac20) Importer(815301076,1909f56bfc062723c751e8b465ee728b)
Start importing Assets/InventoryManager.cs using Guid(26ff3fba609cb9547b0312beeed2ac20) Importer(815301076,1909f56bfc062723c751e8b465ee728b) (PreviewImporter) -> (artifact id: '9114144a3b8c3597d7778aa176319ea6') in 0.0002619 seconds
Number of updated asset objects reloaded before import = 0Number of asset objects unloaded after import = 0

========================================================================
Received Import Request.
  Time since last request: 0.000030 seconds.
  path: Assets/KameraTakip.cs
  artifactKey: Guid(67a7a5866f94e53468e7fd75c60093c6) Importer(815301076,1909f56bfc062723c751e8b465ee728b)
Start importing Assets/KameraTakip.cs using Guid(67a7a5866f94e53468e7fd75c60093c6) Importer(815301076,1909f56bfc062723c751e8b465ee728b) (PreviewImporter) -> (artifact id: '93ad781948130fa01b95e5540dfb9e3e') in 0.0002783 seconds
Number of updated asset objects reloaded before import = 0Number of asset objects unloaded after import = 0

========================================================================
Received Prepare
Refreshing native plugins compatible for Editor in 1.26 ms, found 3 plugins.
Preloading 0 native plugins for Editor in 0.00 ms.
Unloading 0 Unused Serialized files (Serialized files now loaded: 0)
Unloading 3478 unused Assets / (0.8 MB). Loaded Objects now: 3979.
Memory consumption went from 85.6 MB to 84.8 MB.
Total: 5.321200 ms (FindLiveObjects: 0.405200 ms CreateObjectMapping: 0.246600 ms MarkObjects: 3.872300 ms  DeleteObjects: 0.795900 ms)

Prepare: number of updated asset objects reloaded= 0
========================================================================
Received Prepare
Begin MonoManager ReloadAssembly
- Loaded All Assemblies, in  0.689 seconds
Refreshing native plugins compatible for Editor in 1.04 ms, found 3 plugins.
Native extension for WindowsStandalone target not found
[Package Manager] Failed to launch server process. Reason: Unity was launched with the -noUpm command-line argument
[Package Manager] Unable to send message (not connected to server process).
[Package Manager] Cannot connect to Unity Package Manager local server
Mono: successfully reloaded assembly
- Finished resetting the current domain, in  0.556 seconds
Domain Reload Profiling: 1242ms
	BeginReloadAssembly (221ms)
		ExecutionOrderSort (0ms)
		DisableScriptedObjects (7ms)
		BackupInstance (0ms)
		ReleaseScriptingObjects (0ms)
		CreateAndSetChildDomain (38ms)
	RebuildCommonClasses (40ms)
	RebuildNativeTypeToScriptingClass (15ms)
	initialDomainReloadingComplete (32ms)
	LoadAllAssembliesAndSetupDomain (377ms)
		LoadAssemblies (335ms)
		RebuildTransferFunctionScriptingTraits (0ms)
		AnalyzeDomain (161ms)
			TypeCache.Refresh (8ms)
				TypeCache.ScanAssembly (0ms)
			BuildScriptInfoCaches (146ms)
			ResolveRequiredComponents (5ms)
	FinalizeReload (557ms)
		ReleaseScriptCaches (0ms)
		RebuildScriptCaches (0ms)
		SetupLoadedEditorAssemblies (429ms)
			LogAssemblyErrors (0ms)
			InitializePlatformSupportModulesInManaged (3ms)
			SetLoadedEditorAssemblies (4ms)
			BeforeProcessingInitializeOnLoad (104ms)
			ProcessInitializeOnLoadAttributes (282ms)
			ProcessInitializeOnLoadMethodAttributes (28ms)
			AfterProcessingInitializeOnLoad (8ms)
			EditorAssembliesLoaded (0ms)
		ExecutionOrderSort2 (0ms)
		AwakeInstancesAfterBackupRestoration (8ms)
Refreshing native plugins compatible for Editor in 1.21 ms, found 3 plugins.
Preloading 0 native plugins for Editor in 0.00 ms.
Unloading 0 Unused Serialized files (Serialized files now loaded: 0)
Unloading 3484 unused Assets / (0.9 MB). Loaded Objects now: 3979.
Memory consumption went from 86.8 MB to 85.9 MB.
Total: 5.200900 ms (FindLiveObjects: 0.452200 ms CreateObjectMapping: 0.189100 ms MarkObjects: 3.769800 ms  DeleteObjects: 0.788700 ms)

Prepare: number of updated asset objects reloaded= 0
========================================================================
Received Import Request.
  Time since last request: 10.820867 seconds.
  path: Assets/AlchemyLabProps
  artifactKey: Guid(11aec48d859ccac4f8eb217c5b42ec10) Importer(815301076,1909f56bfc062723c751e8b465ee728b)
Start importing Assets/AlchemyLabProps using Guid(11aec48d859ccac4f8eb217c5b42ec10) Importer(815301076,1909f56bfc062723c751e8b465ee728b) (PreviewImporter) -> (artifact id: 'f882fc2c40b2d4122a662a44aa76aa0a') in 0.0028483 seconds
Number of updated asset objects reloaded before import = 0Number of asset objects unloaded after import = 0

========================================================================
Received Import Request.
  Time since last request: 0.816106 seconds.
  path: Assets/AlchemyLabProps/AlchemyLabProps_Built-in_Gamma_2018.4.unitypackage
  artifactKey: Guid(9e54fbba0fbbf2a44a514a1121a29316) Importer(815301076,1909f56bfc062723c751e8b465ee728b)
Start importing Assets/AlchemyLabProps/AlchemyLabProps_Built-in_Gamma_2018.4.unitypackage using Guid(9e54fbba0fbbf2a44a514a1121a29316) Importer(815301076,1909f56bfc062723c751e8b465ee728b) (PreviewImporter) -> (artifact id: 'e58c8dadda05824571e0ab6540904c0d') in 0.0205439 seconds
Number of updated asset objects reloaded before import = 0Number of asset objects unloaded after import = 1

========================================================================
Received Import Request.
  Time since last request: 5.271571 seconds.
  path: Assets/Room
  artifactKey: Guid(d6429edd7ca79844fa98e33195250dfe) Importer(815301076,1909f56bfc062723c751e8b465ee728b)
Start importing Assets/Room using Guid(d6429edd7ca79844fa98e33195250dfe) Importer(815301076,1909f56bfc062723c751e8b465ee728b) (PreviewImporter) -> (artifact id: 'd108844035a6ff19293585b8f264d245') in 0.0006023 seconds
Number of updated asset objects reloaded before import = 0Number of asset objects unloaded after import = 0

========================================================================
Received Import Request.
  Time since last request: 1.583563 seconds.
  path: Assets/Room/models
  artifactKey: Guid(c15cbd9ce824ce24dad435c1117dfa2b) Importer(815301076,1909f56bfc062723c751e8b465ee728b)
Start importing Assets/Room/models using Guid(c15cbd9ce824ce24dad435c1117dfa2b) Importer(815301076,1909f56bfc062723c751e8b465ee728b) (PreviewImporter) -> (artifact id: 'd4597a2f03b54b80728ee77c270662e6') in 0.0005819 seconds
Number of updated asset objects reloaded before import = 0Number of asset objects unloaded after import = 0

========================================================================
Received Import Request.
  Time since last request: 0.091303 seconds.
  path: Assets/Room/models/book.fbx
  artifactKey: Guid(4770919e9ec5899458cbe54c017216ac) Importer(815301076,1909f56bfc062723c751e8b465ee728b)
Start importing Assets/Room/models/book.fbx using Guid(4770919e9ec5899458cbe54c017216ac) Importer(815301076,1909f56bfc062723c751e8b465ee728b) (PreviewImporter) -> (artifact id: 'f9010342243d7d4a6b5edc2953e312ca') in 0.3100989 seconds
Number of updated asset objects reloaded before import = 0Number of asset objects unloaded after import = 9

========================================================================
Received Import Request.
  Time since last request: 0.000019 seconds.
  path: Assets/Room/models/rooftop-00.fbx
  artifactKey: Guid(cd342c9f9a9c8f042bc81f7ce625482b) Importer(815301076,1909f56bfc062723c751e8b465ee728b)
Start importing Assets/Room/models/rooftop-00.fbx using Guid(cd342c9f9a9c8f042bc81f7ce625482b) Importer(815301076,1909f56bfc062723c751e8b465ee728b) (PreviewImporter) -> (artifact id: '3f6de69638168d4073ed7db9c3050a86') in 0.1612086 seconds
Number of updated asset objects reloaded before import = 0Number of asset objects unloaded after import = 75

========================================================================
Received Import Request.
  Time since last request: 0.000024 seconds.
  path: Assets/Room/models/CHs0.fbx
  artifactKey: Guid(832b6acb90e621649bd235e3afe58c71) Importer(815301076,1909f56bfc062723c751e8b465ee728b)
Start importing Assets/Room/models/CHs0.fbx using Guid(832b6acb90e621649bd235e3afe58c71) Importer(815301076,1909f56bfc062723c751e8b465ee728b) (PreviewImporter) -> (artifact id: '3f4eaa381f4edd7b992aeba6cf722659') in 0.0331616 seconds
Number of updated asset objects reloaded before import = 0Number of asset objects unloaded after import = 9

========================================================================
Received Import Request.
  Time since last request: 0.000018 seconds.
  path: Assets/Room/models/pillars 00.fbx
  artifactKey: Guid(63cced25a7a17994cb6e3cbd9f1059b9) Importer(815301076,1909f56bfc062723c751e8b465ee728b)
Start importing Assets/Room/models/pillars 00.fbx using Guid(63cced25a7a17994cb6e3cbd9f1059b9) Importer(815301076,1909f56bfc062723c751e8b465ee728b) (PreviewImporter) -> (artifact id: '63dbc4ee53c1361fa2414717a39c3372') in 0.0191165 seconds
Number of updated asset objects reloaded before import = 0Number of asset objects unloaded after import = 8

========================================================================
Received Import Request.
  Time since last request: 0.000019 seconds.
  path: Assets/Room/models/bookcase 00.fbx
  artifactKey: Guid(298a35b7a5c960547a13f29d1b586d0d) Importer(815301076,1909f56bfc062723c751e8b465ee728b)
Start importing Assets/Room/models/bookcase 00.fbx using Guid(298a35b7a5c960547a13f29d1b586d0d) Importer(815301076,1909f56bfc062723c751e8b465ee728b) (PreviewImporter) -> (artifact id: 'b1f2fa6bb9f51f7cdd9f6c55653dbb4b') in 0.0382786 seconds
Number of updated asset objects reloaded before import = 0Number of asset objects unloaded after import = 16

========================================================================
Received Import Request.
  Time since last request: 0.000017 seconds.
  path: Assets/Room/models/chair 00.fbx .fbx
  artifactKey: Guid(cff28c00b06ee6746b7a1a0ef634ad96) Importer(815301076,1909f56bfc062723c751e8b465ee728b)
Start importing Assets/Room/models/chair 00.fbx .fbx using Guid(cff28c00b06ee6746b7a1a0ef634ad96) Importer(815301076,1909f56bfc062723c751e8b465ee728b) (PreviewImporter) -> (artifact id: '183a13cbf92520e2367f55895d55546d') in 0.0177673 seconds
Number of updated asset objects reloaded before import = 0Number of asset objects unloaded after import = 8

========================================================================
Received Import Request.
  Time since last request: 0.000017 seconds.
  path: Assets/Room/models/ground plane 00.fbx .fbx
  artifactKey: Guid(c88929eac760e754c8e57b415de43534) Importer(815301076,1909f56bfc062723c751e8b465ee728b)
Start importing Assets/Room/models/ground plane 00.fbx .fbx using Guid(c88929eac760e754c8e57b415de43534) Importer(815301076,1909f56bfc062723c751e8b465ee728b) (PreviewImporter) -> (artifact id: '628a148ada26986e33172d85ac93b934') in 0.0174429 seconds
Number of updated asset objects reloaded before import = 0Number of asset objects unloaded after import = 8

========================================================================
Received Import Request.
  Time since last request: 0.000017 seconds.
  path: Assets/Room/models/window 00.fbx .fbx
  artifactKey: Guid(d1211c57c6e550e4fb88ec23f0e74b18) Importer(815301076,1909f56bfc062723c751e8b465ee728b)
Start importing Assets/Room/models/window 00.fbx .fbx using Guid(d1211c57c6e550e4fb88ec23f0e74b18) Importer(815301076,1909f56bfc062723c751e8b465ee728b) (PreviewImporter) -> (artifact id: 'f03ee5e494b695f99374d13014976c3f') in 0.0336157 seconds
Number of updated asset objects reloaded before import = 0Number of asset objects unloaded after import = 16

========================================================================
Received Import Request.
  Time since last request: 0.000017 seconds.
  path: Assets/Room/models/door 00.fbx .fbx
  artifactKey: Guid(ff0a4d33168faae4395e213f7ed45781) Importer(815301076,1909f56bfc062723c751e8b465ee728b)
Start importing Assets/Room/models/door 00.fbx .fbx using Guid(ff0a4d33168faae4395e213f7ed45781) Importer(815301076,1909f56bfc062723c751e8b465ee728b) (PreviewImporter) -> (artifact id: 'a97fea87122bc80e118c5d5084859772') in 0.018346 seconds
Number of updated asset objects reloaded before import = 0Number of asset objects unloaded after import = 8

========================================================================
Received Import Request.
  Time since last request: 0.000032 seconds.
  path: Assets/Room/models/table 00.fbx .fbx
  artifactKey: Guid(c145519af80f28c45b8282ea9f4b96d9) Importer(815301076,1909f56bfc062723c751e8b465ee728b)
Start importing Assets/Room/models/table 00.fbx .fbx using Guid(c145519af80f28c45b8282ea9f4b96d9) Importer(815301076,1909f56bfc062723c751e8b465ee728b) (PreviewImporter) -> (artifact id: '5b2be8d6e36a811da9a5521cdea8495f') in 0.0171004 seconds
Number of updated asset objects reloaded before import = 0Number of asset objects unloaded after import = 8

========================================================================
Received Import Request.
  Time since last request: 0.000017 seconds.
  path: Assets/Room/models/fire.fbx
  artifactKey: Guid(e5bebf0a45f060d4c90b627593524d02) Importer(815301076,1909f56bfc062723c751e8b465ee728b)
Start importing Assets/Room/models/fire.fbx using Guid(e5bebf0a45f060d4c90b627593524d02) Importer(815301076,1909f56bfc062723c751e8b465ee728b) (PreviewImporter) -> (artifact id: 'a526fed0ab56f25520b09baaece4d77a') in 0.0253166 seconds
Number of updated asset objects reloaded before import = 0Number of asset objects unloaded after import = 8

========================================================================
Received Import Request.
  Time since last request: 0.000019 seconds.
  path: Assets/Room/models/chandiler.fbx
  artifactKey: Guid(39e174bc5459ec44f9f5e732a11cd5b6) Importer(815301076,1909f56bfc062723c751e8b465ee728b)
Start importing Assets/Room/models/chandiler.fbx using Guid(39e174bc5459ec44f9f5e732a11cd5b6) Importer(815301076,1909f56bfc062723c751e8b465ee728b) (PreviewImporter) -> (artifact id: 'b638c838704e7d3cafd1fc49dfb34477') in 0.0516683 seconds
Number of updated asset objects reloaded before import = 0Number of asset objects unloaded after import = 19

========================================================================
Received Import Request.
  Time since last request: 2.276421 seconds.
  path: Assets/Room/prefabs
  artifactKey: Guid(07fb4a4075d39814da0d7599b0df7f5c) Importer(815301076,1909f56bfc062723c751e8b465ee728b)
Start importing Assets/Room/prefabs using Guid(07fb4a4075d39814da0d7599b0df7f5c) Importer(815301076,1909f56bfc062723c751e8b465ee728b) (PreviewImporter) -> (artifact id: 'b5ce82f5aaa04aa00f20269ad43657a4') in 0.0007363 seconds
Number of updated asset objects reloaded before import = 0Number of asset objects unloaded after import = 0

========================================================================
Received Import Request.
  Time since last request: 0.058330 seconds.
  path: Assets/Room/prefabs/book.prefab
  artifactKey: Guid(f5a1bb1bf8641274c88db4c73f943ae4) Importer(815301076,1909f56bfc062723c751e8b465ee728b)
Start importing Assets/Room/prefabs/book.prefab using Guid(f5a1bb1bf8641274c88db4c73f943ae4) Importer(815301076,1909f56bfc062723c751e8b465ee728b) (PreviewImporter) -> (artifact id: '64f46aba3cdb0ce299981f09a1acd3cf') in 0.2013286 seconds
Number of updated asset objects reloaded before import = 0Number of asset objects unloaded after import = 13

========================================================================
Received Import Request.
  Time since last request: 0.000018 seconds.
  path: Assets/Room/prefabs/candle.prefab
  artifactKey: Guid(9d012b73caba62246906034d78994c42) Importer(815301076,1909f56bfc062723c751e8b465ee728b)
Start importing Assets/Room/prefabs/candle.prefab using Guid(9d012b73caba62246906034d78994c42) Importer(815301076,1909f56bfc062723c751e8b465ee728b) (PreviewImporter) -> (artifact id: '9b9d1a8d935037c53cfee249cb6705b2') in 0.079574 seconds
Number of updated asset objects reloaded before import = 0Number of asset objects unloaded after import = 21

========================================================================
Received Import Request.
  Time since last request: 0.000020 seconds.
  path: Assets/Room/prefabs/Full roof.prefab
  artifactKey: Guid(9884b1a9ded4dc240b53c0978ec88137) Importer(815301076,1909f56bfc062723c751e8b465ee728b)
Start importing Assets/Room/prefabs/Full roof.prefab using Guid(9884b1a9ded4dc240b53c0978ec88137) Importer(815301076,1909f56bfc062723c751e8b465ee728b) (PreviewImporter) -> (artifact id: '95135c00825a1e632f65cc23cc25c5d6') in 0.2157825 seconds
Number of updated asset objects reloaded before import = 0Number of asset objects unloaded after import = 93

========================================================================
Received Import Request.
  Time since last request: 0.000016 seconds.
  path: Assets/Room/prefabs/tabel.prefab
  artifactKey: Guid(a5ab52c5408d7e0499ce5e019116f6e3) Importer(815301076,1909f56bfc062723c751e8b465ee728b)
Start importing Assets/Room/prefabs/tabel.prefab using Guid(a5ab52c5408d7e0499ce5e019116f6e3) Importer(815301076,1909f56bfc062723c751e8b465ee728b) (PreviewImporter) -> (artifact id: 'a2d15c955e9563b50dd881f7517104ea') in 0.0200195 seconds
Number of updated asset objects reloaded before import = 0Number of asset objects unloaded after import = 12

========================================================================
Received Import Request.
  Time since last request: 0.000022 seconds.
  path: Assets/Room/prefabs/chandiler.prefab
  artifactKey: Guid(2e57ba42788234646b2d6b76f15dac76) Importer(815301076,1909f56bfc062723c751e8b465ee728b)
Start importing Assets/Room/prefabs/chandiler.prefab using Guid(2e57ba42788234646b2d6b76f15dac76) Importer(815301076,1909f56bfc062723c751e8b465ee728b) (PreviewImporter) -> (artifact id: '13ca7a48f2c05e00a5a89d407c36646e') in 0.0183845 seconds
Number of updated asset objects reloaded before import = 0Number of asset objects unloaded after import = 42

========================================================================
Received Import Request.
  Time since last request: 0.000014 seconds.
  path: Assets/Room/prefabs/Window.prefab
  artifactKey: Guid(ac1d6bc633cb75f43b455f34daf7fd73) Importer(815301076,1909f56bfc062723c751e8b465ee728b)
Start importing Assets/Room/prefabs/Window.prefab using Guid(ac1d6bc633cb75f43b455f34daf7fd73) Importer(815301076,1909f56bfc062723c751e8b465ee728b) (PreviewImporter) -> (artifact id: '6aabda2e54a909339655252e79f50c24') in 0.0304715 seconds
Number of updated asset objects reloaded before import = 0Number of asset objects unloaded after import = 12

========================================================================
Received Import Request.
  Time since last request: 0.000014 seconds.
  path: Assets/Room/prefabs/window00.prefab
  artifactKey: Guid(09fd774473e8b114b8d4338ec5fc5d2c) Importer(815301076,1909f56bfc062723c751e8b465ee728b)
Start importing Assets/Room/prefabs/window00.prefab using Guid(09fd774473e8b114b8d4338ec5fc5d2c) Importer(815301076,1909f56bfc062723c751e8b465ee728b) (PreviewImporter) -> (artifact id: '304d1e131a9e1bea4ded88dbadf66ef9') in 0.0167091 seconds
Number of updated asset objects reloaded before import = 0Number of asset objects unloaded after import = 9

========================================================================
Received Import Request.
  Time since last request: 0.000014 seconds.
  path: Assets/Room/prefabs/CH0.prefab
  artifactKey: Guid(33aa3234397faa044af73f4700427d62) Importer(815301076,1909f56bfc062723c751e8b465ee728b)
Start importing Assets/Room/prefabs/CH0.prefab using Guid(33aa3234397faa044af73f4700427d62) Importer(815301076,1909f56bfc062723c751e8b465ee728b) (PreviewImporter) -> (artifact id: 'ce0a93c6aad88e66fdcc10885babd7b4') in 0.0228147 seconds
Number of updated asset objects reloaded before import = 0Number of asset objects unloaded after import = 21

========================================================================
Received Import Request.
  Time since last request: 0.000014 seconds.
  path: Assets/Room/prefabs/pillers.prefab
  artifactKey: Guid(f7195cee3b068c54a895c90d16bb7fa8) Importer(815301076,1909f56bfc062723c751e8b465ee728b)
Start importing Assets/Room/prefabs/pillers.prefab using Guid(f7195cee3b068c54a895c90d16bb7fa8) Importer(815301076,1909f56bfc062723c751e8b465ee728b) (PreviewImporter) -> (artifact id: '5c412507832239afac7ebf8693499cb1') in 0.0253954 seconds
Number of updated asset objects reloaded before import = 0Number of asset objects unloaded after import = 16

========================================================================
Received Import Request.
  Time since last request: 0.000014 seconds.
  path: Assets/Room/prefabs/bookcase.prefab
  artifactKey: Guid(e701c442dd73c844b9f5a0c6ed6e59e1) Importer(815301076,1909f56bfc062723c751e8b465ee728b)
Start importing Assets/Room/prefabs/bookcase.prefab using Guid(e701c442dd73c844b9f5a0c6ed6e59e1) Importer(815301076,1909f56bfc062723c751e8b465ee728b) (PreviewImporter) -> (artifact id: '85a509d9d4f76a412472e27c09a93395') in 0.0240125 seconds
Number of updated asset objects reloaded before import = 0Number of asset objects unloaded after import = 23

========================================================================
Received Import Request.
  Time since last request: 0.000044 seconds.
  path: Assets/Room/prefabs/door.prefab
  artifactKey: Guid(4277c84f4eb45414089869ec9eed16a9) Importer(815301076,1909f56bfc062723c751e8b465ee728b)
Start importing Assets/Room/prefabs/door.prefab using Guid(4277c84f4eb45414089869ec9eed16a9) Importer(815301076,1909f56bfc062723c751e8b465ee728b) (PreviewImporter) -> (artifact id: '9706565dc795b1b69ded501077d09ecf') in 0.0137843 seconds
Number of updated asset objects reloaded before import = 0Number of asset objects unloaded after import = 10

========================================================================
Received Import Request.
  Time since last request: 0.000013 seconds.
  path: Assets/Room/prefabs/roof piece.prefab
  artifactKey: Guid(a6b1194453112994298b9a98aad645f3) Importer(815301076,1909f56bfc062723c751e8b465ee728b)
Start importing Assets/Room/prefabs/roof piece.prefab using Guid(a6b1194453112994298b9a98aad645f3) Importer(815301076,1909f56bfc062723c751e8b465ee728b) (PreviewImporter) -> (artifact id: '867649c8e8c5c62b4fedb9796b483801') in 0.0195837 seconds
Number of updated asset objects reloaded before import = 0Number of asset objects unloaded after import = 15

========================================================================
Received Import Request.
  Time since last request: 0.000016 seconds.
  path: Assets/Room/prefabs/chair.prefab
  artifactKey: Guid(0941535f5a7c0d846a45a6370dc4036b) Importer(815301076,1909f56bfc062723c751e8b465ee728b)
Start importing Assets/Room/prefabs/chair.prefab using Guid(0941535f5a7c0d846a45a6370dc4036b) Importer(815301076,1909f56bfc062723c751e8b465ee728b) (PreviewImporter) -> (artifact id: '7d0667363fd180c2b8bc0d8f50539aa1') in 0.0162031 seconds
Number of updated asset objects reloaded before import = 0Number of asset objects unloaded after import = 14

========================================================================
Received Import Request.
  Time since last request: 0.000014 seconds.
  path: Assets/Room/prefabs/Ground.prefab
  artifactKey: Guid(2619ececdb14aea42a9a5ea90854b3d3) Importer(815301076,1909f56bfc062723c751e8b465ee728b)
Start importing Assets/Room/prefabs/Ground.prefab using Guid(2619ececdb14aea42a9a5ea90854b3d3) Importer(815301076,1909f56bfc062723c751e8b465ee728b) (PreviewImporter) -> (artifact id: '4153be4fa7be366ed62f9653f2c40a83') in 0.0163123 seconds
Number of updated asset objects reloaded before import = 0Number of asset objects unloaded after import = 12

========================================================================
Received Import Request.
  Time since last request: 0.000016 seconds.
  path: Assets/Room/prefabs/fire.prefab
  artifactKey: Guid(4672393f346060446996dc28733539e7) Importer(815301076,1909f56bfc062723c751e8b465ee728b)
Start importing Assets/Room/prefabs/fire.prefab using Guid(4672393f346060446996dc28733539e7) Importer(815301076,1909f56bfc062723c751e8b465ee728b) (PreviewImporter) -> (artifact id: 'a23777dd38dd38f3ec75edc8f66af783') in 0.0129034 seconds
Number of updated asset objects reloaded before import = 0Number of asset objects unloaded after import = 8

========================================================================
Received Import Request.
  Time since last request: 0.000019 seconds.
  path: Assets/Room/prefabs/miain.prefab
  artifactKey: Guid(440d9e69d5aceca4a89f47c4f96043ac) Importer(815301076,1909f56bfc062723c751e8b465ee728b)
Start importing Assets/Room/prefabs/miain.prefab using Guid(440d9e69d5aceca4a89f47c4f96043ac) Importer(815301076,1909f56bfc062723c751e8b465ee728b) (PreviewImporter) -> (artifact id: '606068fcaa0fa334992458e5ff05ec09') in 0.0214046 seconds
Number of updated asset objects reloaded before import = 0Number of asset objects unloaded after import = 53

========================================================================
Received Import Request.
  Time since last request: 2.101788 seconds.
  path: Assets/Scenes
  artifactKey: Guid(5fa976f341fbcce46b7092514856f02c) Importer(815301076,1909f56bfc062723c751e8b465ee728b)
Start importing Assets/Scenes using Guid(5fa976f341fbcce46b7092514856f02c) Importer(815301076,1909f56bfc062723c751e8b465ee728b) (PreviewImporter) -> (artifact id: '28a591771853fa1fa41c21d7400a4d4c') in 0.0010803 seconds
Number of updated asset objects reloaded before import = 0Number of asset objects unloaded after import = 0

========================================================================
Received Import Request.
  Time since last request: 6.573015 seconds.
  path: Assets/SyntyStudios
  artifactKey: Guid(7847eac26754e454487f8e2d69c50923) Importer(815301076,1909f56bfc062723c751e8b465ee728b)
Start importing Assets/SyntyStudios using Guid(7847eac26754e454487f8e2d69c50923) Importer(815301076,1909f56bfc062723c751e8b465ee728b) (PreviewImporter) -> (artifact id: '69f5715e4b7c52c5fde0d75c0ea19314') in 0.0006011 seconds
Number of updated asset objects reloaded before import = 0Number of asset objects unloaded after import = 0

========================================================================
Received Import Request.
  Time since last request: 4.259731 seconds.
  path: Assets/SyntyStudios/PolygonCity
  artifactKey: Guid(f7521fa7b07a0974d8182bd3876d0109) Importer(815301076,1909f56bfc062723c751e8b465ee728b)
Start importing Assets/SyntyStudios/PolygonCity using Guid(f7521fa7b07a0974d8182bd3876d0109) Importer(815301076,1909f56bfc062723c751e8b465ee728b) (PreviewImporter) -> (artifact id: '051b849b2a31ac2174b92da32744c320') in 0.0006058 seconds
Number of updated asset objects reloaded before import = 0Number of asset objects unloaded after import = 0

========================================================================
Received Import Request.
  Time since last request: 0.485900 seconds.
  path: Assets/SyntyStudios/PolygonAdventure
  artifactKey: Guid(fc737eef77146584099d78f349f46fbc) Importer(815301076,1909f56bfc062723c751e8b465ee728b)
Start importing Assets/SyntyStudios/PolygonAdventure using Guid(fc737eef77146584099d78f349f46fbc) Importer(815301076,1909f56bfc062723c751e8b465ee728b) (PreviewImporter) -> (artifact id: '712d6c1e01c6bc288a882ec514c5201a') in 0.0005808 seconds
Number of updated asset objects reloaded before import = 0Number of asset objects unloaded after import = 0

========================================================================
Received Import Request.
  Time since last request: 0.654970 seconds.
  path: Assets/SyntyStudios/PolygonKnights
  artifactKey: Guid(ac6578e844140674e8c14fa859b26b6c) Importer(815301076,1909f56bfc062723c751e8b465ee728b)
Start importing Assets/SyntyStudios/PolygonKnights using Guid(ac6578e844140674e8c14fa859b26b6c) Importer(815301076,1909f56bfc062723c751e8b465ee728b) (PreviewImporter) -> (artifact id: '86b8772b5054af584ff738d51a954938') in 0.0006479 seconds
Number of updated asset objects reloaded before import = 0Number of asset objects unloaded after import = 0

========================================================================
Received Import Request.
  Time since last request: 0.300139 seconds.
  path: Assets/SyntyStudios/PolygonPrototype
  artifactKey: Guid(9b1c665171e98aa418d6f5f95fa0bd6d) Importer(815301076,1909f56bfc062723c751e8b465ee728b)
Start importing Assets/SyntyStudios/PolygonPrototype using Guid(9b1c665171e98aa418d6f5f95fa0bd6d) Importer(815301076,1909f56bfc062723c751e8b465ee728b) (PreviewImporter) -> (artifact id: '0fcf37fde11e41d01e27d0386f311774') in 0.000647 seconds
Number of updated asset objects reloaded before import = 0Number of asset objects unloaded after import = 0

========================================================================
Received Import Request.
  Time since last request: 0.580207 seconds.
  path: Assets/SyntyStudios/PolygonSamples
  artifactKey: Guid(96388f1521fd78645ae4fb7162cf5fbd) Importer(815301076,1909f56bfc062723c751e8b465ee728b)
Start importing Assets/SyntyStudios/PolygonSamples using Guid(96388f1521fd78645ae4fb7162cf5fbd) Importer(815301076,1909f56bfc062723c751e8b465ee728b) (PreviewImporter) -> (artifact id: '7bd69a0e8c7d7f922c8a7bf076af0cf5') in 0.0006371 seconds
Number of updated asset objects reloaded before import = 0Number of asset objects unloaded after import = 0

========================================================================
Received Import Request.
  Time since last request: 0.307497 seconds.
  path: Assets/SyntyStudios/PolygonStarter
  artifactKey: Guid(f6ca81ec5b1b33d43aca44146e599011) Importer(815301076,1909f56bfc062723c751e8b465ee728b)
Start importing Assets/SyntyStudios/PolygonStarter using Guid(f6ca81ec5b1b33d43aca44146e599011) Importer(815301076,1909f56bfc062723c751e8b465ee728b) (PreviewImporter) -> (artifact id: 'cf593fddfffe561b5d1a3640276dc9e7') in 0.0006137 seconds
Number of updated asset objects reloaded before import = 0Number of asset objects unloaded after import = 0

========================================================================
Received Import Request.
  Time since last request: 18.442223 seconds.
  path: Assets/Scenes/SampleScene.unity
  artifactKey: Guid(9fc0d4010bbf28b4594072e72b8655ab) Importer(815301076,1909f56bfc062723c751e8b465ee728b)
Start importing Assets/Scenes/SampleScene.unity using Guid(9fc0d4010bbf28b4594072e72b8655ab) Importer(815301076,1909f56bfc062723c751e8b465ee728b) (PreviewImporter) -> (artifact id: '1b5ce65f0d762b12de2d9c8c694a582c') in 0.0006609 seconds
Number of updated asset objects reloaded before import = 0Number of asset objects unloaded after import = 0

========================================================================
Received Import Request.
  Time since last request: 7.020654 seconds.
  path: Assets/Scenes/Main.unity
  artifactKey: Guid(9fc0d4010bbf28b4594072e72b8655ab) Importer(815301076,1909f56bfc062723c751e8b465ee728b)
Start importing Assets/Scenes/Main.unity using Guid(9fc0d4010bbf28b4594072e72b8655ab) Importer(815301076,1909f56bfc062723c751e8b465ee728b) (PreviewImporter) -> (artifact id: 'cd0bc16e4a202a7c275d744fbd2dbc30') in 0.0006196 seconds
Number of updated asset objects reloaded before import = 0Number of asset objects unloaded after import = 0

========================================================================
Received Import Request.
  Time since last request: 4.356343 seconds.
  path: Assets/Scenes/MainScene.unity
  artifactKey: Guid(9fc0d4010bbf28b4594072e72b8655ab) Importer(815301076,1909f56bfc062723c751e8b465ee728b)
Start importing Assets/Scenes/MainScene.unity using Guid(9fc0d4010bbf28b4594072e72b8655ab) Importer(815301076,1909f56bfc062723c751e8b465ee728b) (PreviewImporter) -> (artifact id: '4ef4ef544b4ff3e2c78a991422510a06') in 0.0006592 seconds
Number of updated asset objects reloaded before import = 0Number of asset objects unloaded after import = 0

========================================================================
Received Import Request.
  Time since last request: 10.729750 seconds.
  path: Assets/SyntyStudios/PolygonSamples/PolygonSciFiCity/Models/Character_Augmented_Male_01.fbx
  artifactKey: Guid(7c7feee260018884e9aee7424fa8e2e3) Importer(815301076,1909f56bfc062723c751e8b465ee728b)
Start importing Assets/SyntyStudios/PolygonSamples/PolygonSciFiCity/Models/Character_Augmented_Male_01.fbx using Guid(7c7feee260018884e9aee7424fa8e2e3) Importer(815301076,1909f56bfc062723c751e8b465ee728b) (PreviewImporter) -> (artifact id: '5e45b7df108ca03c8b8540f045e2c474') in 0.0619316 seconds
Number of updated asset objects reloaded before import = 0Number of asset objects unloaded after import = 109

========================================================================
Received Import Request.
  Time since last request: 0.000019 seconds.
  path: Assets/SyntyStudios/PolygonPrototype/Materials/FX/PolygonPrototype_FX_GlowRing.mat
  artifactKey: Guid(bf8b699dcdcd73e49a261a38c68b012b) Importer(815301076,1909f56bfc062723c751e8b465ee728b)
Start importing Assets/SyntyStudios/PolygonPrototype/Materials/FX/PolygonPrototype_FX_GlowRing.mat using Guid(bf8b699dcdcd73e49a261a38c68b012b) Importer(815301076,1909f56bfc062723c751e8b465ee728b) (PreviewImporter) -> (artifact id: '8c55d7c258d685b16e43338a7a5f1285') in 0.0288217 seconds
Number of updated asset objects reloaded before import = 0Number of asset objects unloaded after import = 1

========================================================================
Received Import Request.
  Time since last request: 0.000017 seconds.
  path: Assets/SyntyStudios/PolygonPrototype/Materials/FX/PolygonPrototype_FX_Default.mat
  artifactKey: Guid(960efbd1b805a5343b445de1af98428e) Importer(815301076,1909f56bfc062723c751e8b465ee728b)
Start importing Assets/SyntyStudios/PolygonPrototype/Materials/FX/PolygonPrototype_FX_Default.mat using Guid(960efbd1b805a5343b445de1af98428e) Importer(815301076,1909f56bfc062723c751e8b465ee728b) (PreviewImporter) -> (artifact id: 'ecd2b8174afe1a273a02bf5e96729b13') in 0.0289898 seconds
Number of updated asset objects reloaded before import = 0Number of asset objects unloaded after import = 1

========================================================================
Received Import Request.
  Time since last request: 0.000015 seconds.
  path: Assets/SyntyStudios/PolygonPrototype/Materials/PolygonPrototype_Texture_02.mat
  artifactKey: Guid(f685a57b9da560a448bb95374a652f90) Importer(815301076,1909f56bfc062723c751e8b465ee728b)
Start importing Assets/SyntyStudios/PolygonPrototype/Materials/PolygonPrototype_Texture_02.mat using Guid(f685a57b9da560a448bb95374a652f90) Importer(815301076,1909f56bfc062723c751e8b465ee728b) (PreviewImporter) -> (artifact id: '5d91a08de4a57bd6d7a165f8190caa21') in 0.015491 seconds
Number of updated asset objects reloaded before import = 0Number of asset objects unloaded after import = 2

========================================================================
Received Import Request.
  Time since last request: 0.000025 seconds.
  path: Assets/SyntyStudios/PolygonCity/Materials/PolygonCity_Mat_Road_01.mat
  artifactKey: Guid(9415d5fbf987e4d47b3c90bea3a0d824) Importer(815301076,1909f56bfc062723c751e8b465ee728b)
Start importing Assets/SyntyStudios/PolygonCity/Materials/PolygonCity_Mat_Road_01.mat using Guid(9415d5fbf987e4d47b3c90bea3a0d824) Importer(815301076,1909f56bfc062723c751e8b465ee728b) (PreviewImporter) -> (artifact id: '9526e325a9081c346b20fd26f4f84480') in 0.1637867 seconds
Number of updated asset objects reloaded before import = 0Number of asset objects unloaded after import = 3

========================================================================
Received Import Request.
  Time since last request: 0.000043 seconds.
  path: Assets/SyntyStudios/PolygonPrototype/Materials/PolygonPrototype_Global_Grid_04.mat
  artifactKey: Guid(c70e075a2144ba04784d74b7b2889fd3) Importer(815301076,1909f56bfc062723c751e8b465ee728b)
Start importing Assets/SyntyStudios/PolygonPrototype/Materials/PolygonPrototype_Global_Grid_04.mat using Guid(c70e075a2144ba04784d74b7b2889fd3) Importer(815301076,1909f56bfc062723c751e8b465ee728b) (PreviewImporter) -> (artifact id: '53f020ca7a024e16d7ecebd79570d776') in 0.155531 seconds
Number of updated asset objects reloaded before import = 0Number of asset objects unloaded after import = 2

========================================================================
Received Import Request.
  Time since last request: 0.000044 seconds.
  path: Assets/SyntyStudios/PolygonAdventure/Materials/Characters_White.mat
  artifactKey: Guid(992dbfb15d8a08d4aa34207645c1d8fc) Importer(815301076,1909f56bfc062723c751e8b465ee728b)
Start importing Assets/SyntyStudios/PolygonAdventure/Materials/Characters_White.mat using Guid(992dbfb15d8a08d4aa34207645c1d8fc) Importer(815301076,1909f56bfc062723c751e8b465ee728b) (PreviewImporter) -> (artifact id: '63774f97d12904317c01ea77b6f68363') in 0.0132153 seconds
Number of updated asset objects reloaded before import = 0Number of asset objects unloaded after import = 2

========================================================================
Received Import Request.
  Time since last request: 0.000014 seconds.
  path: Assets/SyntyStudios/PolygonCity/Materials/PolygonCity_Glass_Mat.mat
  artifactKey: Guid(c29d9dff2056b1543bbb70ec32427a62) Importer(815301076,1909f56bfc062723c751e8b465ee728b)
Start importing Assets/SyntyStudios/PolygonCity/Materials/PolygonCity_Glass_Mat.mat using Guid(c29d9dff2056b1543bbb70ec32427a62) Importer(815301076,1909f56bfc062723c751e8b465ee728b) (PreviewImporter) -> (artifact id: 'b66bbc2f0a35203deee471f77a33d209') in 0.1796405 seconds
Number of updated asset objects reloaded before import = 0Number of asset objects unloaded after import = 3

========================================================================
Received Import Request.
  Time since last request: 0.000126 seconds.
  path: Assets/SyntyStudios/PolygonCity/Materials/PolygonCity_Mat_Road_03.mat
  artifactKey: Guid(832e3d44954de9c408d5cdcafc05fc9e) Importer(815301076,1909f56bfc062723c751e8b465ee728b)
Start importing Assets/SyntyStudios/PolygonCity/Materials/PolygonCity_Mat_Road_03.mat using Guid(832e3d44954de9c408d5cdcafc05fc9e) Importer(815301076,1909f56bfc062723c751e8b465ee728b) (PreviewImporter) -> (artifact id: 'e7e281df4786146153f7e72de514432b') in 0.0146133 seconds
Number of updated asset objects reloaded before import = 0Number of asset objects unloaded after import = 3

========================================================================
Received Import Request.
  Time since last request: 0.000015 seconds.
  path: Assets/SyntyStudios/PolygonPrototype/Materials/PolygonPrototype_Texture_01.mat
  artifactKey: Guid(41680dad0f0243748b4e228f49a2e3c4) Importer(815301076,1909f56bfc062723c751e8b465ee728b)
Start importing Assets/SyntyStudios/PolygonPrototype/Materials/PolygonPrototype_Texture_01.mat using Guid(41680dad0f0243748b4e228f49a2e3c4) Importer(815301076,1909f56bfc062723c751e8b465ee728b) (PreviewImporter) -> (artifact id: '84c69ff43603bfba2363e8f9c168e2f3') in 0.013104 seconds
Number of updated asset objects reloaded before import = 0Number of asset objects unloaded after import = 2

========================================================================
Received Import Request.
  Time since last request: 0.000213 seconds.
  path: Assets/SyntyStudios/PolygonPrototype/Materials/Triplanar_ObjectSpace/PolygonPrototype_Object.mat
  artifactKey: Guid(918c2dec12a4fdb4585051b70cfed921) Importer(815301076,1909f56bfc062723c751e8b465ee728b)
Start importing Assets/SyntyStudios/PolygonPrototype/Materials/Triplanar_ObjectSpace/PolygonPrototype_Object.mat using Guid(918c2dec12a4fdb4585051b70cfed921) Importer(815301076,1909f56bfc062723c751e8b465ee728b) (PreviewImporter) -> (artifact id: '82b33ccac9f333bd8b7b5c95c43c804e') in 0.1712401 seconds
Number of updated asset objects reloaded before import = 0Number of asset objects unloaded after import = 1

========================================================================
Received Import Request.
  Time since last request: 0.000014 seconds.
  path: Assets/SyntyStudios/PolygonAdventure/Materials/Characters_Brown.mat
  artifactKey: Guid(4d21dd5a8b5afa745bbd680f6e13697e) Importer(815301076,1909f56bfc062723c751e8b465ee728b)
Start importing Assets/SyntyStudios/PolygonAdventure/Materials/Characters_Brown.mat using Guid(4d21dd5a8b5afa745bbd680f6e13697e) Importer(815301076,1909f56bfc062723c751e8b465ee728b) (PreviewImporter) -> (artifact id: 'dc3ca86e87a6423a14f3a49c7d6db2b8') in 0.012846 seconds
Number of updated asset objects reloaded before import = 0Number of asset objects unloaded after import = 2

========================================================================
Received Import Request.
  Time since last request: 0.000016 seconds.
  path: Assets/SyntyStudios/PolygonCity/Materials/PolygonCity_Mat_03_A.mat
  artifactKey: Guid(97942cb5527e6f24eb8b8f5c86f8744d) Importer(815301076,1909f56bfc062723c751e8b465ee728b)
Start importing Assets/SyntyStudios/PolygonCity/Materials/PolygonCity_Mat_03_A.mat using Guid(97942cb5527e6f24eb8b8f5c86f8744d) Importer(815301076,1909f56bfc062723c751e8b465ee728b) (PreviewImporter) -> (artifact id: '0a6e73889e1b73013bf02923ccc2b423') in 0.1826006 seconds
Number of updated asset objects reloaded before import = 0Number of asset objects unloaded after import = 5

========================================================================
Received Import Request.
  Time since last request: 0.000019 seconds.
  path: Assets/SyntyStudios/PolygonPrototype/Materials/PolygonPrototype_Global_Grid_03.mat
  artifactKey: Guid(6968e89851431104b8f931c37d69356b) Importer(815301076,1909f56bfc062723c751e8b465ee728b)
Start importing Assets/SyntyStudios/PolygonPrototype/Materials/PolygonPrototype_Global_Grid_03.mat using Guid(6968e89851431104b8f931c37d69356b) Importer(815301076,1909f56bfc062723c751e8b465ee728b) (PreviewImporter) -> (artifact id: '559751973f1d525c0faae89bc75bc3ed') in 0.0134874 seconds
Number of updated asset objects reloaded before import = 0Number of asset objects unloaded after import = 2

========================================================================
Received Import Request.
  Time since last request: 0.000024 seconds.
  path: Assets/SyntyStudios/PolygonCity/Materials/PolygonCity_Mat_02_A.mat
  artifactKey: Guid(49ef76ea47782eb4b93ac08b234fd6c3) Importer(815301076,1909f56bfc062723c751e8b465ee728b)
Start importing Assets/SyntyStudios/PolygonCity/Materials/PolygonCity_Mat_02_A.mat using Guid(49ef76ea47782eb4b93ac08b234fd6c3) Importer(815301076,1909f56bfc062723c751e8b465ee728b) (PreviewImporter) -> (artifact id: 'c8492efb791ddb04015f98f0fcff3865') in 0.0153857 seconds
Number of updated asset objects reloaded before import = 0Number of asset objects unloaded after import = 5

========================================================================
Received Import Request.
  Time since last request: 0.000016 seconds.
  path: Assets/SyntyStudios/PolygonCity/Materials/FX_Materials/Cloud_Mat.mat
  artifactKey: Guid(3635b8bf677082d4ba3e66faa1d21d73) Importer(815301076,1909f56bfc062723c751e8b465ee728b)
Start importing Assets/SyntyStudios/PolygonCity/Materials/FX_Materials/Cloud_Mat.mat using Guid(3635b8bf677082d4ba3e66faa1d21d73) Importer(815301076,1909f56bfc062723c751e8b465ee728b) (PreviewImporter) -> (artifact id: 'e2a8312ef175c2f32b63e8c77a5450eb') in 0.0118138 seconds
Number of updated asset objects reloaded before import = 0Number of asset objects unloaded after import = 1

========================================================================
Received Import Request.
  Time since last request: 0.000068 seconds.
  path: Assets/SyntyStudios/PolygonSamples/PolygonDungeons/Materials/PolygonDungeons_Texture_A_01.mat
  artifactKey: Guid(3f0fd52466ec6464187d4ea1c8b6f6f9) Importer(815301076,1909f56bfc062723c751e8b465ee728b)
Start importing Assets/SyntyStudios/PolygonSamples/PolygonDungeons/Materials/PolygonDungeons_Texture_A_01.mat using Guid(3f0fd52466ec6464187d4ea1c8b6f6f9) Importer(815301076,1909f56bfc062723c751e8b465ee728b) (PreviewImporter) -> (artifact id: '2920dcc4b94691c9cbb5c2adb0c1728e') in 0.0135307 seconds
Number of updated asset objects reloaded before import = 0Number of asset objects unloaded after import = 2

========================================================================
Received Import Request.
  Time since last request: 0.000079 seconds.
  path: Assets/SyntyStudios/PolygonCity/Materials/PolygonCity_Mat_04_C.mat
  artifactKey: Guid(bb694a94be4a3c64ca9ef44c62415782) Importer(815301076,1909f56bfc062723c751e8b465ee728b)
Start importing Assets/SyntyStudios/PolygonCity/Materials/PolygonCity_Mat_04_C.mat using Guid(bb694a94be4a3c64ca9ef44c62415782) Importer(815301076,1909f56bfc062723c751e8b465ee728b) (PreviewImporter) -> (artifact id: '280f1af62ac6db8a843db0fa2871d5e3') in 0.0185767 seconds
Number of updated asset objects reloaded before import = 0Number of asset objects unloaded after import = 4

========================================================================
Received Import Request.
  Time since last request: 0.000021 seconds.
  path: Assets/SyntyStudios/PolygonPrototype/Materials/PolygonPrototype_Global_Grid_08.mat
  artifactKey: Guid(2425c03ff18262a4eaa45371f0fe6dcf) Importer(815301076,1909f56bfc062723c751e8b465ee728b)
Start importing Assets/SyntyStudios/PolygonPrototype/Materials/PolygonPrototype_Global_Grid_08.mat using Guid(2425c03ff18262a4eaa45371f0fe6dcf) Importer(815301076,1909f56bfc062723c751e8b465ee728b) (PreviewImporter) -> (artifact id: '4dba537e95f8e3563460053338420197') in 0.0178403 seconds
Number of updated asset objects reloaded before import = 0Number of asset objects unloaded after import = 2

========================================================================
Received Import Request.
  Time since last request: 0.000079 seconds.
  path: Assets/SyntyStudios/PolygonCity/Materials/PolygonCity_Mat_01_C.mat
  artifactKey: Guid(c01b7c8cb1175b54aab24b670c2d58dd) Importer(815301076,1909f56bfc062723c751e8b465ee728b)
Start importing Assets/SyntyStudios/PolygonCity/Materials/PolygonCity_Mat_01_C.mat using Guid(c01b7c8cb1175b54aab24b670c2d58dd) Importer(815301076,1909f56bfc062723c751e8b465ee728b) (PreviewImporter) -> (artifact id: '9693bbf823b007b652a38fc12fa7abcf') in 0.0178902 seconds
Number of updated asset objects reloaded before import = 0Number of asset objects unloaded after import = 4

========================================================================
Received Import Request.
  Time since last request: 0.000017 seconds.
  path: Assets/SyntyStudios/PolygonAdventure/Materials/PolyAdventureMaterial_Snow_01.mat
  artifactKey: Guid(fe202229726379c42adb32cce7658ce6) Importer(815301076,1909f56bfc062723c751e8b465ee728b)
Start importing Assets/SyntyStudios/PolygonAdventure/Materials/PolyAdventureMaterial_Snow_01.mat using Guid(fe202229726379c42adb32cce7658ce6) Importer(815301076,1909f56bfc062723c751e8b465ee728b) (PreviewImporter) -> (artifact id: '89aa012b7720c6c20d01151178622f81') in 0.0151596 seconds
Number of updated asset objects reloaded before import = 0Number of asset objects unloaded after import = 2

========================================================================
Received Import Request.
  Time since last request: 0.000017 seconds.
  path: Assets/SyntyStudios/PolygonCity/Materials/PolygonCity_Mat_04_A.mat
  artifactKey: Guid(ee5d59fcc8497a641905c26644c20880) Importer(815301076,1909f56bfc062723c751e8b465ee728b)
Start importing Assets/SyntyStudios/PolygonCity/Materials/PolygonCity_Mat_04_A.mat using Guid(ee5d59fcc8497a641905c26644c20880) Importer(815301076,1909f56bfc062723c751e8b465ee728b) (PreviewImporter) -> (artifact id: '627d4265e2ebe8d0d48b17c874a5be31') in 0.0210926 seconds
Number of updated asset objects reloaded before import = 0Number of asset objects unloaded after import = 5

========================================================================
Received Import Request.
  Time since last request: 0.000017 seconds.
  path: Assets/SyntyStudios/PolygonAdventure/Materials/PolyAdventureMaterial_Water_01.mat
  artifactKey: Guid(9045494f93452344d811e0d183904816) Importer(815301076,1909f56bfc062723c751e8b465ee728b)
Start importing Assets/SyntyStudios/PolygonAdventure/Materials/PolyAdventureMaterial_Water_01.mat using Guid(9045494f93452344d811e0d183904816) Importer(815301076,1909f56bfc062723c751e8b465ee728b) (PreviewImporter) -> (artifact id: 'ea11cc86e4725013cec07a49f099bc97') in 0.1647822 seconds
Number of updated asset objects reloaded before import = 0Number of asset objects unloaded after import = 1

========================================================================
Received Import Request.
  Time since last request: 0.000019 seconds.
  path: Assets/SyntyStudios/PolygonPrototype/Materials/PolygonPrototype_Texture_03.mat
  artifactKey: Guid(673443bdcb7bf2f47be93ce60e68966f) Importer(815301076,1909f56bfc062723c751e8b465ee728b)
Start importing Assets/SyntyStudios/PolygonPrototype/Materials/PolygonPrototype_Texture_03.mat using Guid(673443bdcb7bf2f47be93ce60e68966f) Importer(815301076,1909f56bfc062723c751e8b465ee728b) (PreviewImporter) -> (artifact id: '06c5aeeb193a5fa89afaf69ebdae0d5a') in 0.0140066 seconds
Number of updated asset objects reloaded before import = 0Number of asset objects unloaded after import = 2

========================================================================
Received Import Request.
  Time since last request: 0.000026 seconds.
  path: Assets/SyntyStudios/PolygonCity/Materials/PolygonCity_Mat_03_C.mat
  artifactKey: Guid(ac4517348fefb604bbf10afeb378a491) Importer(815301076,1909f56bfc062723c751e8b465ee728b)
Start importing Assets/SyntyStudios/PolygonCity/Materials/PolygonCity_Mat_03_C.mat using Guid(ac4517348fefb604bbf10afeb378a491) Importer(815301076,1909f56bfc062723c751e8b465ee728b) (PreviewImporter) -> (artifact id: '5309f4d8baba976872f49e65b0e6ff55') in 0.0168704 seconds
Number of updated asset objects reloaded before import = 0Number of asset objects unloaded after import = 4

========================================================================
Received Import Request.
  Time since last request: 0.000031 seconds.
  path: Assets/SyntyStudios/PolygonAdventure/Materials/PolyAdventureMaterial_Dark_01.mat
  artifactKey: Guid(37b168582e3c39e4f8a706d91e01c206) Importer(815301076,1909f56bfc062723c751e8b465ee728b)
Start importing Assets/SyntyStudios/PolygonAdventure/Materials/PolyAdventureMaterial_Dark_01.mat using Guid(37b168582e3c39e4f8a706d91e01c206) Importer(815301076,1909f56bfc062723c751e8b465ee728b) (PreviewImporter) -> (artifact id: '908c91ddc4eabf3de53b4e49629f2def') in 0.012567 seconds
Number of updated asset objects reloaded before import = 0Number of asset objects unloaded after import = 2

========================================================================
Received Import Request.
  Time since last request: 0.000015 seconds.
  path: Assets/SyntyStudios/PolygonPrototype/Materials/Misc/PolygonPrototype_Glow.mat
  artifactKey: Guid(5a9603aa200ca0c45bf4ce1b20e1a39a) Importer(815301076,1909f56bfc062723c751e8b465ee728b)
Start importing Assets/SyntyStudios/PolygonPrototype/Materials/Misc/PolygonPrototype_Glow.mat using Guid(5a9603aa200ca0c45bf4ce1b20e1a39a) Importer(815301076,1909f56bfc062723c751e8b465ee728b) (PreviewImporter) -> (artifact id: 'edf7c4fc4171b9ccd25d55b998d0048a') in 0.0124122 seconds
Number of updated asset objects reloaded before import = 0Number of asset objects unloaded after import = 1

========================================================================
Received Import Request.
  Time since last request: 0.000028 seconds.
  path: Assets/SyntyStudios/PolygonPrototype/Materials/PolygonPrototype_Texture_04.mat
  artifactKey: Guid(7d22fc6b9a431b043a917fb89a80bcfc) Importer(815301076,1909f56bfc062723c751e8b465ee728b)
Start importing Assets/SyntyStudios/PolygonPrototype/Materials/PolygonPrototype_Texture_04.mat using Guid(7d22fc6b9a431b043a917fb89a80bcfc) Importer(815301076,1909f56bfc062723c751e8b465ee728b) (PreviewImporter) -> (artifact id: '96a1fa2b8f86bb3ed8c9b6e4eac18942') in 0.0140364 seconds
Number of updated asset objects reloaded before import = 0Number of asset objects unloaded after import = 2

========================================================================
Received Import Request.
  Time since last request: 0.000016 seconds.
  path: Assets/SyntyStudios/PolygonCity/Materials/PolygonCity_Mat_04_B.mat
  artifactKey: Guid(912f300affe60c543ac3ac40ef980902) Importer(815301076,1909f56bfc062723c751e8b465ee728b)
Start importing Assets/SyntyStudios/PolygonCity/Materials/PolygonCity_Mat_04_B.mat using Guid(912f300affe60c543ac3ac40ef980902) Importer(815301076,1909f56bfc062723c751e8b465ee728b) (PreviewImporter) -> (artifact id: '27ee7808298ce9b2f3d34d1f31fa7ffd') in 0.0188359 seconds
Number of updated asset objects reloaded before import = 0Number of asset objects unloaded after import = 4

========================================================================
Received Import Request.
  Time since last request: 0.000017 seconds.
  path: Assets/SyntyStudios/PolygonPrototype/Materials/PolygonPrototype_Global_Grid_06.mat
  artifactKey: Guid(a3cd22eceea5e8548b10cdb5d9b49a25) Importer(815301076,1909f56bfc062723c751e8b465ee728b)
Start importing Assets/SyntyStudios/PolygonPrototype/Materials/PolygonPrototype_Global_Grid_06.mat using Guid(a3cd22eceea5e8548b10cdb5d9b49a25) Importer(815301076,1909f56bfc062723c751e8b465ee728b) (PreviewImporter) -> (artifact id: 'a26d4cf7eb256b3070c72616adb73140') in 0.0158947 seconds
Number of updated asset objects reloaded before import = 0Number of asset objects unloaded after import = 2

========================================================================
Received Import Request.
  Time since last request: 0.000016 seconds.
  path: Assets/SyntyStudios/PolygonPrototype/Materials/FX/PolygonPrototype_FX_Default_02.mat
  artifactKey: Guid(8a0e7ee5bc785f84fbd928c0714e67fd) Importer(815301076,1909f56bfc062723c751e8b465ee728b)
Start importing Assets/SyntyStudios/PolygonPrototype/Materials/FX/PolygonPrototype_FX_Default_02.mat using Guid(8a0e7ee5bc785f84fbd928c0714e67fd) Importer(815301076,1909f56bfc062723c751e8b465ee728b) (PreviewImporter) -> (artifact id: '33dbc12b9e1584fe1710704ea41ea81c') in 0.0123929 seconds
Number of updated asset objects reloaded before import = 0Number of asset objects unloaded after import = 1

========================================================================
Received Import Request.
  Time since last request: 0.000017 seconds.
  path: Assets/SyntyStudios/PolygonCity/Materials/PolygonCity_Glass_Veh_Mat.mat
  artifactKey: Guid(2d4d2ed696e5ade49ae50d4e19151de5) Importer(815301076,1909f56bfc062723c751e8b465ee728b)
Start importing Assets/SyntyStudios/PolygonCity/Materials/PolygonCity_Glass_Veh_Mat.mat using Guid(2d4d2ed696e5ade49ae50d4e19151de5) Importer(815301076,1909f56bfc062723c751e8b465ee728b) (PreviewImporter) -> (artifact id: '21dde3e80474de1e91ba6d8c073d3722') in 0.0164551 seconds
Number of updated asset objects reloaded before import = 0Number of asset objects unloaded after import = 1

========================================================================
Received Import Request.
  Time since last request: 0.000016 seconds.
  path: Assets/SyntyStudios/PolygonCity/Materials/PolygonCity_Mat_01_B.mat
  artifactKey: Guid(a8e32d2cd442e564aa46c99f0ae7c0c8) Importer(815301076,1909f56bfc062723c751e8b465ee728b)
Start importing Assets/SyntyStudios/PolygonCity/Materials/PolygonCity_Mat_01_B.mat using Guid(a8e32d2cd442e564aa46c99f0ae7c0c8) Importer(815301076,1909f56bfc062723c751e8b465ee728b) (PreviewImporter) -> (artifact id: 'ec2c478c8969851e9422d4067cf4b3d0') in 0.0185633 seconds
Number of updated asset objects reloaded before import = 0Number of asset objects unloaded after import = 4

========================================================================
Received Import Request.
  Time since last request: 0.000017 seconds.
  path: Assets/SyntyStudios/PolygonCity/Materials/PolygonCity_Mat_03_B.mat
  artifactKey: Guid(ae4870cba172f524491e4431ce936a9d) Importer(815301076,1909f56bfc062723c751e8b465ee728b)
Start importing Assets/SyntyStudios/PolygonCity/Materials/PolygonCity_Mat_03_B.mat using Guid(ae4870cba172f524491e4431ce936a9d) Importer(815301076,1909f56bfc062723c751e8b465ee728b) (PreviewImporter) -> (artifact id: '4074867c014dfe35d2e4af65ac4bfb1a') in 0.0188109 seconds
Number of updated asset objects reloaded before import = 0Number of asset objects unloaded after import = 4

========================================================================
Received Import Request.
  Time since last request: 0.000017 seconds.
  path: Assets/SyntyStudios/PolygonAdventure/Materials/PolyAdventureMaterial_01.mat
  artifactKey: Guid(fa8eda4ec55ee1a4e99ca991c5828dbf) Importer(815301076,1909f56bfc062723c751e8b465ee728b)
Start importing Assets/SyntyStudios/PolygonAdventure/Materials/PolyAdventureMaterial_01.mat using Guid(fa8eda4ec55ee1a4e99ca991c5828dbf) Importer(815301076,1909f56bfc062723c751e8b465ee728b) (PreviewImporter) -> (artifact id: 'e55930cec1dd4be4860808490aa0cc87') in 0.0162571 seconds
Number of updated asset objects reloaded before import = 0Number of asset objects unloaded after import = 2

========================================================================
Received Import Request.
  Time since last request: 0.000016 seconds.
  path: Assets/SyntyStudios/PolygonAdventure/Materials/PolyAdventureMaterial_02.mat
  artifactKey: Guid(880f89810f43de443898ff2ccd0fb5f3) Importer(815301076,1909f56bfc062723c751e8b465ee728b)
Start importing Assets/SyntyStudios/PolygonAdventure/Materials/PolyAdventureMaterial_02.mat using Guid(880f89810f43de443898ff2ccd0fb5f3) Importer(815301076,1909f56bfc062723c751e8b465ee728b) (PreviewImporter) -> (artifact id: 'd1696331395bc897f6a0d2d69b36b198') in 0.0150472 seconds
Number of updated asset objects reloaded before import = 0Number of asset objects unloaded after import = 2

========================================================================
Received Import Request.
  Time since last request: 0.000016 seconds.
  path: Assets/SyntyStudios/PolygonCity/Models/Collisions/Materials/lambert1.mat
  artifactKey: Guid(70268ac3fadbdf84fb973b0a7268dbd7) Importer(815301076,1909f56bfc062723c751e8b465ee728b)
Start importing Assets/SyntyStudios/PolygonCity/Models/Collisions/Materials/lambert1.mat using Guid(70268ac3fadbdf84fb973b0a7268dbd7) Importer(815301076,1909f56bfc062723c751e8b465ee728b) (PreviewImporter) -> (artifact id: '25206a1dd2f78c4df161593293c08f97') in 0.0151436 seconds
Number of updated asset objects reloaded before import = 0Number of asset objects unloaded after import = 1

========================================================================
Received Import Request.
  Time since last request: 0.000019 seconds.
  path: Assets/SyntyStudios/PolygonCity/Models/Collisions/Materials/PolygonCity_Texture.mat
  artifactKey: Guid(d235e1f25ebc4e4448cf5a2f17745912) Importer(815301076,1909f56bfc062723c751e8b465ee728b)
Start importing Assets/SyntyStudios/PolygonCity/Models/Collisions/Materials/PolygonCity_Texture.mat using Guid(d235e1f25ebc4e4448cf5a2f17745912) Importer(815301076,1909f56bfc062723c751e8b465ee728b) (PreviewImporter) -> (artifact id: 'cf8711a8fc7bcdc249e8b2138de65b20') in 0.0145657 seconds
Number of updated asset objects reloaded before import = 0Number of asset objects unloaded after import = 1

========================================================================
Received Import Request.
  Time since last request: 0.000026 seconds.
  path: Assets/SyntyStudios/PolygonAdventure/Models/SM_Wep_Shield_02.fbx
  artifactKey: Guid(913eec70f36a7fe4084737ebf233b4a5) Importer(815301076,1909f56bfc062723c751e8b465ee728b)
Start importing Assets/SyntyStudios/PolygonAdventure/Models/SM_Wep_Shield_02.fbx using Guid(913eec70f36a7fe4084737ebf233b4a5) Importer(815301076,1909f56bfc062723c751e8b465ee728b) (PreviewImporter) -> (artifact id: '9517040cf21583726f8a680896a0ee07') in 0.02345 seconds
Number of updated asset objects reloaded before import = 0Number of asset objects unloaded after import = 8

========================================================================
Received Import Request.
  Time since last request: 0.000023 seconds.
  path: Assets/SyntyStudios/PolygonCity/Materials/PolygonCity_Mat_Road_02.mat
  artifactKey: Guid(f37ce3b4817ff064eb43413b670f0fa1) Importer(815301076,1909f56bfc062723c751e8b465ee728b)
Start importing Assets/SyntyStudios/PolygonCity/Materials/PolygonCity_Mat_Road_02.mat using Guid(f37ce3b4817ff064eb43413b670f0fa1) Importer(815301076,1909f56bfc062723c751e8b465ee728b) (PreviewImporter) -> (artifact id: 'df1d6f74b3e4fb74121ac094d0112b31') in 0.0252855 seconds
Number of updated asset objects reloaded before import = 0Number of asset objects unloaded after import = 3

========================================================================
Received Import Request.
  Time since last request: 0.000026 seconds.
  path: Assets/SyntyStudios/PolygonPrototype/Materials/PolygonPrototype_Global_Grid_01.mat
  artifactKey: Guid(4930c6ffa5b9b9f4098249a43abf8506) Importer(815301076,1909f56bfc062723c751e8b465ee728b)
Start importing Assets/SyntyStudios/PolygonPrototype/Materials/PolygonPrototype_Global_Grid_01.mat using Guid(4930c6ffa5b9b9f4098249a43abf8506) Importer(815301076,1909f56bfc062723c751e8b465ee728b) (PreviewImporter) -> (artifact id: '0d5db39d77339a947af3e3951b0a4423') in 0.0143795 seconds
Number of updated asset objects reloaded before import = 0Number of asset objects unloaded after import = 2

========================================================================
Received Import Request.
  Time since last request: 0.000016 seconds.
  path: Assets/SyntyStudios/PolygonPrototype/Materials/Misc/PolygonPrototype_Texture_01_Vehicle.mat
  artifactKey: Guid(98bc34ddef060be4ea47e99161e9df8f) Importer(815301076,1909f56bfc062723c751e8b465ee728b)
Start importing Assets/SyntyStudios/PolygonPrototype/Materials/Misc/PolygonPrototype_Texture_01_Vehicle.mat using Guid(98bc34ddef060be4ea47e99161e9df8f) Importer(815301076,1909f56bfc062723c751e8b465ee728b) (PreviewImporter) -> (artifact id: '859aa582bff17d98bafd383b49c8556a') in 0.1667438 seconds
Number of updated asset objects reloaded before import = 0Number of asset objects unloaded after import = 4

========================================================================
Received Import Request.
  Time since last request: 0.000018 seconds.
  path: Assets/SyntyStudios/PolygonAdventure/Models/SM_Wep_Shield_01.fbx
  artifactKey: Guid(d06410f4548a55d4796093594978ade7) Importer(815301076,1909f56bfc062723c751e8b465ee728b)
Start importing Assets/SyntyStudios/PolygonAdventure/Models/SM_Wep_Shield_01.fbx using Guid(d06410f4548a55d4796093594978ade7) Importer(815301076,1909f56bfc062723c751e8b465ee728b) (PreviewImporter) -> (artifact id: 'f4b8f0da789880168f6357e2d9953779') in 0.0250429 seconds
Number of updated asset objects reloaded before import = 0Number of asset objects unloaded after import = 8

========================================================================
Received Import Request.
  Time since last request: 0.000021 seconds.
  path: Assets/SyntyStudios/PolygonAdventure/Materials/Characters_Black.mat
  artifactKey: Guid(8c48e6085fe7e7f42be493f6ba01c6f3) Importer(815301076,1909f56bfc062723c751e8b465ee728b)
Start importing Assets/SyntyStudios/PolygonAdventure/Materials/Characters_Black.mat using Guid(8c48e6085fe7e7f42be493f6ba01c6f3) Importer(815301076,1909f56bfc062723c751e8b465ee728b) (PreviewImporter) -> (artifact id: '7226fac97d85b647e13a60f6d346c719') in 0.0244965 seconds
Number of updated asset objects reloaded before import = 0Number of asset objects unloaded after import = 2

========================================================================
Received Import Request.
  Time since last request: 0.000017 seconds.
  path: Assets/SyntyStudios/PolygonAdventure/Materials/PolyAdventureMaterial_Dark_02.mat
  artifactKey: Guid(b437f558bb1a803499e54f549c2bda92) Importer(815301076,1909f56bfc062723c751e8b465ee728b)
Start importing Assets/SyntyStudios/PolygonAdventure/Materials/PolyAdventureMaterial_Dark_02.mat using Guid(b437f558bb1a803499e54f549c2bda92) Importer(815301076,1909f56bfc062723c751e8b465ee728b) (PreviewImporter) -> (artifact id: 'f376c0650fbccbbfeeb7a6ff8f2071a6') in 0.0246494 seconds
Number of updated asset objects reloaded before import = 0Number of asset objects unloaded after import = 2

========================================================================
Received Import Request.
  Time since last request: 0.000017 seconds.
  path: Assets/SyntyStudios/PolygonPrototype/Materials/Misc/PolygonPrototype_Glass.mat
  artifactKey: Guid(ab27c4a4c283cac489ef589c67077626) Importer(815301076,1909f56bfc062723c751e8b465ee728b)
Start importing Assets/SyntyStudios/PolygonPrototype/Materials/Misc/PolygonPrototype_Glass.mat using Guid(ab27c4a4c283cac489ef589c67077626) Importer(815301076,1909f56bfc062723c751e8b465ee728b) (PreviewImporter) -> (artifact id: '3c7058d3c0843324f88786b444e18b52') in 0.0865733 seconds
Number of updated asset objects reloaded before import = 0Number of asset objects unloaded after import = 1

========================================================================
Received Import Request.
  Time since last request: 0.000027 seconds.
  path: Assets/SyntyStudios/PolygonPrototype/Materials/Triplanar_ObjectSpace/PolygonPrototype_Glass_Object.mat
  artifactKey: Guid(988c2e2fad5caf64788ccfa98656d40d) Importer(815301076,1909f56bfc062723c751e8b465ee728b)
Start importing Assets/SyntyStudios/PolygonPrototype/Materials/Triplanar_ObjectSpace/PolygonPrototype_Glass_Object.mat using Guid(988c2e2fad5caf64788ccfa98656d40d) Importer(815301076,1909f56bfc062723c751e8b465ee728b) (PreviewImporter) -> (artifact id: '5764d8d4aa9de3e98a7b328b8c43af80') in 0.193491 seconds
Number of updated asset objects reloaded before import = 0Number of asset objects unloaded after import = 1

========================================================================
Received Import Request.
  Time since last request: 0.000093 seconds.
  path: Assets/SyntyStudios/PolygonCity/Materials/PolygonCity_Mat_02_B.mat
  artifactKey: Guid(ee26ded8aeae32044836748251f93891) Importer(815301076,1909f56bfc062723c751e8b465ee728b)
Start importing Assets/SyntyStudios/PolygonCity/Materials/PolygonCity_Mat_02_B.mat using Guid(ee26ded8aeae32044836748251f93891) Importer(815301076,1909f56bfc062723c751e8b465ee728b) (PreviewImporter) -> (artifact id: 'ae1d6ad4a81a6bbcf84f766469efcb3e') in 0.0168711 seconds
Number of updated asset objects reloaded before import = 0Number of asset objects unloaded after import = 4

========================================================================
Received Import Request.
  Time since last request: 0.000015 seconds.
  path: Assets/SyntyStudios/PolygonCity/Materials/PolygonCity_Mat_Road_04.mat
  artifactKey: Guid(02e41622a0206f742af528cdf0da7485) Importer(815301076,1909f56bfc062723c751e8b465ee728b)
Start importing Assets/SyntyStudios/PolygonCity/Materials/PolygonCity_Mat_Road_04.mat using Guid(02e41622a0206f742af528cdf0da7485) Importer(815301076,1909f56bfc062723c751e8b465ee728b) (PreviewImporter) -> (artifact id: '4dfe7e4c5a86ce41f1d4b50188cc535f') in 0.0167222 seconds
Number of updated asset objects reloaded before import = 0Number of asset objects unloaded after import = 3

========================================================================
Received Import Request.
  Time since last request: 0.000019 seconds.
  path: Assets/SyntyStudios/PolygonCity/Models/Materials/PolygonCity_Texture_01_C.mat
  artifactKey: Guid(7a53b03397e27f549916c12488526a63) Importer(815301076,1909f56bfc062723c751e8b465ee728b)
Start importing Assets/SyntyStudios/PolygonCity/Models/Materials/PolygonCity_Texture_01_C.mat using Guid(7a53b03397e27f549916c12488526a63) Importer(815301076,1909f56bfc062723c751e8b465ee728b) (PreviewImporter) -> (artifact id: '09c8cee486d04f4ee93f39c2bb34fde8') in 0.0190043 seconds
Number of updated asset objects reloaded before import = 0Number of asset objects unloaded after import = 2

========================================================================
Received Import Request.
  Time since last request: 0.000014 seconds.
  path: Assets/SyntyStudios/PolygonPrototype/Materials/FX/PolygonPrototype_FX_Dirt.mat
  artifactKey: Guid(e4e23eb8ec1b3c449bf23e4fafb02a1a) Importer(815301076,1909f56bfc062723c751e8b465ee728b)
Start importing Assets/SyntyStudios/PolygonPrototype/Materials/FX/PolygonPrototype_FX_Dirt.mat using Guid(e4e23eb8ec1b3c449bf23e4fafb02a1a) Importer(815301076,1909f56bfc062723c751e8b465ee728b) (PreviewImporter) -> (artifact id: '1281c91737c3e014f774ef4ab1da6dce') in 0.0122725 seconds
Number of updated asset objects reloaded before import = 0Number of asset objects unloaded after import = 1

========================================================================
Received Import Request.
  Time since last request: 0.000017 seconds.
  path: Assets/SyntyStudios/PolygonCity/Materials/PolygonCity_Mat_02_C.mat
  artifactKey: Guid(f145fd98abc7a354f83c3a2e8df80a75) Importer(815301076,1909f56bfc062723c751e8b465ee728b)
Start importing Assets/SyntyStudios/PolygonCity/Materials/PolygonCity_Mat_02_C.mat using Guid(f145fd98abc7a354f83c3a2e8df80a75) Importer(815301076,1909f56bfc062723c751e8b465ee728b) (PreviewImporter) -> (artifact id: '031d8c24bcced7667ef877802e223ab1') in 0.018493 seconds
Number of updated asset objects reloaded before import = 0Number of asset objects unloaded after import = 4

========================================================================
Received Import Request.
  Time since last request: 0.000022 seconds.
  path: Assets/SyntyStudios/PolygonAdventure/Models/SM_Wep_Shield_03.fbx
  artifactKey: Guid(3191541c774c6af4088b855d1df74b20) Importer(815301076,1909f56bfc062723c751e8b465ee728b)
Start importing Assets/SyntyStudios/PolygonAdventure/Models/SM_Wep_Shield_03.fbx using Guid(3191541c774c6af4088b855d1df74b20) Importer(815301076,1909f56bfc062723c751e8b465ee728b) (PreviewImporter) -> (artifact id: 'fa6c7367240ca86fc31657e201484c55') in 0.0300436 seconds
Number of updated asset objects reloaded before import = 0Number of asset objects unloaded after import = 8

========================================================================
Received Import Request.
  Time since last request: 0.000023 seconds.
  path: Assets/SyntyStudios/PolygonCity/Materials/Billboard_Mat.mat
  artifactKey: Guid(53cf5c0ff424ff9458c56526516b63ec) Importer(815301076,1909f56bfc062723c751e8b465ee728b)
Start importing Assets/SyntyStudios/PolygonCity/Materials/Billboard_Mat.mat using Guid(53cf5c0ff424ff9458c56526516b63ec) Importer(815301076,1909f56bfc062723c751e8b465ee728b) (PreviewImporter) -> (artifact id: '4b2c29b56947fbca693f8f4bf7ef1758') in 0.0183831 seconds
Number of updated asset objects reloaded before import = 0Number of asset objects unloaded after import = 2

========================================================================
Received Import Request.
  Time since last request: 0.000020 seconds.
  path: Assets/SyntyStudios/PolygonPrototype/Materials/PolygonPrototype_Glass_Global.mat
  artifactKey: Guid(0e6d9344d5bbb9a4abca1058f4e295d6) Importer(815301076,1909f56bfc062723c751e8b465ee728b)
Start importing Assets/SyntyStudios/PolygonPrototype/Materials/PolygonPrototype_Glass_Global.mat using Guid(0e6d9344d5bbb9a4abca1058f4e295d6) Importer(815301076,1909f56bfc062723c751e8b465ee728b) (PreviewImporter) -> (artifact id: 'ae8130d86270221bc2e1e2b4769f686f') in 0.157379 seconds
Number of updated asset objects reloaded before import = 0Number of asset objects unloaded after import = 2

========================================================================
Received Import Request.
  Time since last request: 0.000086 seconds.
  path: Assets/SyntyStudios/PolygonCity/Materials/PolygonCity_Mat_01_A.mat
  artifactKey: Guid(62e25ef75a2216f418d06453c9ad15cb) Importer(815301076,1909f56bfc062723c751e8b465ee728b)
Start importing Assets/SyntyStudios/PolygonCity/Materials/PolygonCity_Mat_01_A.mat using Guid(62e25ef75a2216f418d06453c9ad15cb) Importer(815301076,1909f56bfc062723c751e8b465ee728b) (PreviewImporter) -> (artifact id: 'a64e6f89650840b4e27fec7537752e2d') in 0.0192576 seconds
Number of updated asset objects reloaded before import = 0Number of asset objects unloaded after import = 5

========================================================================
Received Import Request.
  Time since last request: 0.000023 seconds.
  path: Assets/SyntyStudios/PolygonPrototype/Materials/PolygonPrototype_Global_Grid_07.mat
  artifactKey: Guid(6615f1708a4932646adcdc55932feefa) Importer(815301076,1909f56bfc062723c751e8b465ee728b)
Start importing Assets/SyntyStudios/PolygonPrototype/Materials/PolygonPrototype_Global_Grid_07.mat using Guid(6615f1708a4932646adcdc55932feefa) Importer(815301076,1909f56bfc062723c751e8b465ee728b) (PreviewImporter) -> (artifact id: 'b01ce3fdc5c27c8306fd35a914d5feb7') in 0.0191584 seconds
Number of updated asset objects reloaded before import = 0Number of asset objects unloaded after import = 2

========================================================================
Received Import Request.
  Time since last request: 0.000179 seconds.
  path: Assets/SyntyStudios/PolygonPrototype/Materials/PolygonPrototype_Global_Grid_09.mat
  artifactKey: Guid(8aa7a33ec074d5f429b993c5c857614b) Importer(815301076,1909f56bfc062723c751e8b465ee728b)
Start importing Assets/SyntyStudios/PolygonPrototype/Materials/PolygonPrototype_Global_Grid_09.mat using Guid(8aa7a33ec074d5f429b993c5c857614b) Importer(815301076,1909f56bfc062723c751e8b465ee728b) (PreviewImporter) -> (artifact id: '681efe509a1b160ea0b7d1b220197b1a') in 0.0159307 seconds
Number of updated asset objects reloaded before import = 0Number of asset objects unloaded after import = 2

========================================================================
Received Import Request.
  Time since last request: 0.000017 seconds.
  path: Assets/SyntyStudios/PolygonPrototype/Materials/PolygonPrototype_Global_Grid_10.mat
  artifactKey: Guid(b705b36c0a031c74bb375ee73b5ecce3) Importer(815301076,1909f56bfc062723c751e8b465ee728b)
Start importing Assets/SyntyStudios/PolygonPrototype/Materials/PolygonPrototype_Global_Grid_10.mat using Guid(b705b36c0a031c74bb375ee73b5ecce3) Importer(815301076,1909f56bfc062723c751e8b465ee728b) (PreviewImporter) -> (artifact id: 'f68dfa3a4b5ffd81d969cc7e01a4e9ff') in 0.0149486 seconds
Number of updated asset objects reloaded before import = 0Number of asset objects unloaded after import = 2

========================================================================
Received Import Request.
  Time since last request: 0.000098 seconds.
  path: Assets/SyntyStudios/PolygonPrototype/Materials/PolygonPrototype_Global_Grid_05.mat
  artifactKey: Guid(1e75d51d555dec54b90544819dd5e13a) Importer(815301076,1909f56bfc062723c751e8b465ee728b)
Start importing Assets/SyntyStudios/PolygonPrototype/Materials/PolygonPrototype_Global_Grid_05.mat using Guid(1e75d51d555dec54b90544819dd5e13a) Importer(815301076,1909f56bfc062723c751e8b465ee728b) (PreviewImporter) -> (artifact id: '71ba0ce81839599412c28b11f2ff30b0') in 0.0177274 seconds
Number of updated asset objects reloaded before import = 0Number of asset objects unloaded after import = 2

========================================================================
Received Import Request.
  Time since last request: 0.000018 seconds.
  path: Assets/SyntyStudios/PolygonPrototype/Materials/PolygonPrototype_Global_Grid_02.mat
  artifactKey: Guid(5abb3d18170c7cc4b8ce3577ef8b5ed8) Importer(815301076,1909f56bfc062723c751e8b465ee728b)
Start importing Assets/SyntyStudios/PolygonPrototype/Materials/PolygonPrototype_Global_Grid_02.mat using Guid(5abb3d18170c7cc4b8ce3577ef8b5ed8) Importer(815301076,1909f56bfc062723c751e8b465ee728b) (PreviewImporter) -> (artifact id: '1b49fd43a67d11d5b9a1a30e9a899885') in 0.0152035 seconds
Number of updated asset objects reloaded before import = 0Number of asset objects unloaded after import = 2

========================================================================
Received Import Request.
  Time since last request: 7.663883 seconds.
  path: Assets/SyntyStudios/PolygonCity/Scenes
  artifactKey: Guid(f422dbe4849e51347af15eedd142ec3c) Importer(815301076,1909f56bfc062723c751e8b465ee728b)
Start importing Assets/SyntyStudios/PolygonCity/Scenes using Guid(f422dbe4849e51347af15eedd142ec3c) Importer(815301076,1909f56bfc062723c751e8b465ee728b) (PreviewImporter) -> (artifact id: '9413b97efb983950bf0a88b089faef70') in 0.0006869 seconds
Number of updated asset objects reloaded before import = 0Number of asset objects unloaded after import = 0

========================================================================
Received Import Request.
  Time since last request: 0.804548 seconds.
  path: Assets/SyntyStudios/PolygonCity/Scenes/Demo.unity
  artifactKey: Guid(35299a6a99d6dfe4bb709527ba95aab0) Importer(815301076,1909f56bfc062723c751e8b465ee728b)
Start importing Assets/SyntyStudios/PolygonCity/Scenes/Demo.unity using Guid(35299a6a99d6dfe4bb709527ba95aab0) Importer(815301076,1909f56bfc062723c751e8b465ee728b) (PreviewImporter) -> (artifact id: 'be60a5be4168079060a6d15f6e33d5e3') in 0.0006627 seconds
Number of updated asset objects reloaded before import = 0Number of asset objects unloaded after import = 0

========================================================================
Received Import Request.
  Time since last request: 22.588125 seconds.
  path: Assets/SyntyStudios/PolygonCity/Scenes/Demo
  artifactKey: Guid(cfbd4de8b0e283d4fb1280a62a1aa1e2) Importer(815301076,1909f56bfc062723c751e8b465ee728b)
Start importing Assets/SyntyStudios/PolygonCity/Scenes/Demo using Guid(cfbd4de8b0e283d4fb1280a62a1aa1e2) Importer(815301076,1909f56bfc062723c751e8b465ee728b) (PreviewImporter) -> (artifact id: '40533b54018e44401779b572c54ec58d') in 0.0006407 seconds
Number of updated asset objects reloaded before import = 0Number of asset objects unloaded after import = 0

========================================================================
Received Import Request.
  Time since last request: 0.187077 seconds.
  path: Assets/SyntyStudios/PolygonCity/Scenes/Demo/LightingData.asset
  artifactKey: Guid(caf206e82c14d2346821372f9289f0e3) Importer(815301076,1909f56bfc062723c751e8b465ee728b)
Start importing Assets/SyntyStudios/PolygonCity/Scenes/Demo/LightingData.asset using Guid(caf206e82c14d2346821372f9289f0e3) Importer(815301076,1909f56bfc062723c751e8b465ee728b) (PreviewImporter) -> (artifact id: 'cbed8afb6c88e88d36d6b51288d7773e') in 0.001762 seconds
Number of updated asset objects reloaded before import = 0Number of asset objects unloaded after import = 2

========================================================================
Received Import Request.
  Time since last request: 0.002946 seconds.
  path: Assets/SyntyStudios/PolygonCity/Scenes/Demo/ReflectionProbe-0.exr
  artifactKey: Guid(8cb78fe89c4fe6447bd72a2c7e4a528d) Importer(815301076,1909f56bfc062723c751e8b465ee728b)
Start importing Assets/SyntyStudios/PolygonCity/Scenes/Demo/ReflectionProbe-0.exr using Guid(8cb78fe89c4fe6447bd72a2c7e4a528d) Importer(815301076,1909f56bfc062723c751e8b465ee728b) (PreviewImporter) -> (artifact id: 'be9a333593edcbf2d647f3e8b7cd73e2') in 0.0347632 seconds
Number of updated asset objects reloaded before import = 0Number of asset objects unloaded after import = 1

========================================================================
Received Import Request.
  Time since last request: 11.252351 seconds.
  path: Assets/SyntyStudios/PolygonStarter/Scenes
  artifactKey: Guid(6ad88594784deec4d9fdf2dd3a933faf) Importer(815301076,1909f56bfc062723c751e8b465ee728b)
Start importing Assets/SyntyStudios/PolygonStarter/Scenes using Guid(6ad88594784deec4d9fdf2dd3a933faf) Importer(815301076,1909f56bfc062723c751e8b465ee728b) (PreviewImporter) -> (artifact id: '078015d30b1d49d5a7d1d1c975eb3be4') in 0.0006444 seconds
Number of updated asset objects reloaded before import = 0Number of asset objects unloaded after import = 0

========================================================================
Received Import Request.
  Time since last request: 0.706559 seconds.
  path: Assets/SyntyStudios/PolygonStarter/Scenes/Demo.unity
  artifactKey: Guid(5215016c20f88ea498985ac3e0ab4f9d) Importer(815301076,1909f56bfc062723c751e8b465ee728b)
Start importing Assets/SyntyStudios/PolygonStarter/Scenes/Demo.unity using Guid(5215016c20f88ea498985ac3e0ab4f9d) Importer(815301076,1909f56bfc062723c751e8b465ee728b) (PreviewImporter) -> (artifact id: 'b4a6b64900cec9b7742285279d5306fa') in 0.0006412 seconds
Number of updated asset objects reloaded before import = 0Number of asset objects unloaded after import = 0

========================================================================
Received Import Request.
  Time since last request: 15.303553 seconds.
  path: Assets/SyntyStudios/PolygonSamples/PolygonSciFiCity
  artifactKey: Guid(ff778b60d3dad54478147858c34498e6) Importer(815301076,1909f56bfc062723c751e8b465ee728b)
Start importing Assets/SyntyStudios/PolygonSamples/PolygonSciFiCity using Guid(ff778b60d3dad54478147858c34498e6) Importer(815301076,1909f56bfc062723c751e8b465ee728b) (PreviewImporter) -> (artifact id: '678e825b836e008de75d14c4427fe9d0') in 0.0006475 seconds
Number of updated asset objects reloaded before import = 0Number of asset objects unloaded after import = 0

========================================================================
Received Import Request.
  Time since last request: 1.025265 seconds.
  path: Assets/SyntyStudios/PolygonSamples/PolygonDungeons
  artifactKey: Guid(c3e76c26c2bf3214e952159e724b14db) Importer(815301076,1909f56bfc062723c751e8b465ee728b)
Start importing Assets/SyntyStudios/PolygonSamples/PolygonDungeons using Guid(c3e76c26c2bf3214e952159e724b14db) Importer(815301076,1909f56bfc062723c751e8b465ee728b) (PreviewImporter) -> (artifact id: '96a0ccaf4e4a55bfd2e25c315ee184d4') in 0.0006057 seconds
Number of updated asset objects reloaded before import = 0Number of asset objects unloaded after import = 0

========================================================================
Received Import Request.
  Time since last request: 8.771610 seconds.
  path: Assets/SyntyStudios/PolygonPrototype/Models
  artifactKey: Guid(a7e286d2d69bb5c45b1c011205ae3b8d) Importer(815301076,1909f56bfc062723c751e8b465ee728b)
Start importing Assets/SyntyStudios/PolygonPrototype/Models using Guid(a7e286d2d69bb5c45b1c011205ae3b8d) Importer(815301076,1909f56bfc062723c751e8b465ee728b) (PreviewImporter) -> (artifact id: 'b8659b2296e724a6360b5e4d596cc683') in 0.0006596 seconds
Number of updated asset objects reloaded before import = 0Number of asset objects unloaded after import = 0

========================================================================
Received Import Request.
  Time since last request: 0.382278 seconds.
  path: Assets/SyntyStudios/PolygonPrototype/Prefabs
  artifactKey: Guid(f90180b1ee031f748974af4aabf3c126) Importer(815301076,1909f56bfc062723c751e8b465ee728b)
Start importing Assets/SyntyStudios/PolygonPrototype/Prefabs using Guid(f90180b1ee031f748974af4aabf3c126) Importer(815301076,1909f56bfc062723c751e8b465ee728b) (PreviewImporter) -> (artifact id: 'd7292692d72b4757a266c8eff662c595') in 0.000692 seconds
Number of updated asset objects reloaded before import = 0Number of asset objects unloaded after import = 0

========================================================================
Received Import Request.
  Time since last request: 0.366638 seconds.
  path: Assets/SyntyStudios/PolygonPrototype/Scenes
  artifactKey: Guid(b062322faa4a9d94592dff73f39ddc30) Importer(815301076,1909f56bfc062723c751e8b465ee728b)
Start importing Assets/SyntyStudios/PolygonPrototype/Scenes using Guid(b062322faa4a9d94592dff73f39ddc30) Importer(815301076,1909f56bfc062723c751e8b465ee728b) (PreviewImporter) -> (artifact id: '2103f02f1c6965be5f90f92546fed6bc') in 0.0006667 seconds
Number of updated asset objects reloaded before import = 0Number of asset objects unloaded after import = 0

========================================================================
Received Import Request.
  Time since last request: 1.568057 seconds.
  path: Assets/SyntyStudios/PolygonPrototype/Scenes/Demo.unity
  artifactKey: Guid(e308ad70bb070dd41a0c97e5d8548173) Importer(815301076,1909f56bfc062723c751e8b465ee728b)
Start importing Assets/SyntyStudios/PolygonPrototype/Scenes/Demo.unity using Guid(e308ad70bb070dd41a0c97e5d8548173) Importer(815301076,1909f56bfc062723c751e8b465ee728b) (PreviewImporter) -> (artifact id: '521326eb493b5889dff5f021601d7a8f') in 0.0006442 seconds
Number of updated asset objects reloaded before import = 0Number of asset objects unloaded after import = 0

========================================================================
Received Import Request.
  Time since last request: 15.164084 seconds.
  path: Assets/SyntyStudios/PolygonKnights/Models
  artifactKey: Guid(80a9ae7c8ef31fb47b8d8602f4da990c) Importer(815301076,1909f56bfc062723c751e8b465ee728b)
Start importing Assets/SyntyStudios/PolygonKnights/Models using Guid(80a9ae7c8ef31fb47b8d8602f4da990c) Importer(815301076,1909f56bfc062723c751e8b465ee728b) (PreviewImporter) -> (artifact id: '02025067b688437fb93e21d82a615069') in 0.0006202 seconds
Number of updated asset objects reloaded before import = 0Number of asset objects unloaded after import = 0

========================================================================
Received Import Request.
  Time since last request: 0.705397 seconds.
  path: Assets/SyntyStudios/PolygonKnights/Scenes
  artifactKey: Guid(8bd1477b0669cbe40958d7d0628404a8) Importer(815301076,1909f56bfc062723c751e8b465ee728b)
Start importing Assets/SyntyStudios/PolygonKnights/Scenes using Guid(8bd1477b0669cbe40958d7d0628404a8) Importer(815301076,1909f56bfc062723c751e8b465ee728b) (PreviewImporter) -> (artifact id: '946a451db5f554a8de86cfc087899404') in 0.000641 seconds
Number of updated asset objects reloaded before import = 0Number of asset objects unloaded after import = 0

========================================================================
Received Import Request.
  Time since last request: 1.532608 seconds.
  path: Assets/SyntyStudios/PolygonKnights/Scenes/Demo.unity
  artifactKey: Guid(c7214231c137bfb46bb461c5c95ec794) Importer(815301076,1909f56bfc062723c751e8b465ee728b)
Start importing Assets/SyntyStudios/PolygonKnights/Scenes/Demo.unity using Guid(c7214231c137bfb46bb461c5c95ec794) Importer(815301076,1909f56bfc062723c751e8b465ee728b) (PreviewImporter) -> (artifact id: '9085f3781856f17da5c6748ed15f32d5') in 0.0007397 seconds
Number of updated asset objects reloaded before import = 0Number of asset objects unloaded after import = 0

========================================================================
Received Import Request.
  Time since last request: 14.744286 seconds.
  path: Assets/SyntyStudios/PolygonAdventure/Materials
  artifactKey: Guid(e81b1aab05a881f46bb1daf938b46c5d) Importer(815301076,1909f56bfc062723c751e8b465ee728b)
Start importing Assets/SyntyStudios/PolygonAdventure/Materials using Guid(e81b1aab05a881f46bb1daf938b46c5d) Importer(815301076,1909f56bfc062723c751e8b465ee728b) (PreviewImporter) -> (artifact id: 'd2b3129da0b3fbe65929e3482fe24bab') in 0.0005871 seconds
Number of updated asset objects reloaded before import = 0Number of asset objects unloaded after import = 0

========================================================================
Received Import Request.
  Time since last request: 0.627855 seconds.
  path: Assets/SyntyStudios/PolygonAdventure/Models
  artifactKey: Guid(46eac6ef9bd9acc4585703e3daa3bd90) Importer(815301076,1909f56bfc062723c751e8b465ee728b)
Start importing Assets/SyntyStudios/PolygonAdventure/Models using Guid(46eac6ef9bd9acc4585703e3daa3bd90) Importer(815301076,1909f56bfc062723c751e8b465ee728b) (PreviewImporter) -> (artifact id: '1ae129f9548a868cba431dcb15fcbc25') in 0.000648 seconds
Number of updated asset objects reloaded before import = 0Number of asset objects unloaded after import = 0

========================================================================
Received Import Request.
  Time since last request: 0.815891 seconds.
  path: Assets/SyntyStudios/PolygonAdventure/Scenes
  artifactKey: Guid(304624cd77e81b142a89f7c3158c1bbf) Importer(815301076,1909f56bfc062723c751e8b465ee728b)
Start importing Assets/SyntyStudios/PolygonAdventure/Scenes using Guid(304624cd77e81b142a89f7c3158c1bbf) Importer(815301076,1909f56bfc062723c751e8b465ee728b) (PreviewImporter) -> (artifact id: 'd634993afe3933519eb25ea38c3e7bc6') in 0.0006138 seconds
Number of updated asset objects reloaded before import = 0Number of asset objects unloaded after import = 0

========================================================================
Received Import Request.
  Time since last request: 1.125114 seconds.
  path: Assets/SyntyStudios/PolygonAdventure/Scenes/Demo.unity
  artifactKey: Guid(e120d0e37ab427a4cb1c20085b85c472) Importer(815301076,1909f56bfc062723c751e8b465ee728b)
Start importing Assets/SyntyStudios/PolygonAdventure/Scenes/Demo.unity using Guid(e120d0e37ab427a4cb1c20085b85c472) Importer(815301076,1909f56bfc062723c751e8b465ee728b) (PreviewImporter) -> (artifact id: '21d19e5ae6bcd2f795750c64be2c270f') in 0.0006461 seconds
Number of updated asset objects reloaded before import = 0Number of asset objects unloaded after import = 0

========================================================================
Received Import Request.
  Time since last request: 12.568627 seconds.
  path: Assets/SyntyStudios/PolygonKnights/Materials
  artifactKey: Guid(627c70d345db94d418a2e85584655f11) Importer(815301076,1909f56bfc062723c751e8b465ee728b)
Start importing Assets/SyntyStudios/PolygonKnights/Materials using Guid(627c70d345db94d418a2e85584655f11) Importer(815301076,1909f56bfc062723c751e8b465ee728b) (PreviewImporter) -> (artifact id: '76c6b266dac9cbb6f05cc36ce531a175') in 0.0005655 seconds
Number of updated asset objects reloaded before import = 0Number of asset objects unloaded after import = 0

========================================================================
Received Import Request.
  Time since last request: 0.477800 seconds.
  path: Assets/SyntyStudios/PolygonKnights/Prefabs
  artifactKey: Guid(4e52f214e54e70c4b9f8bd8ddd19b61f) Importer(815301076,1909f56bfc062723c751e8b465ee728b)
Start importing Assets/SyntyStudios/PolygonKnights/Prefabs using Guid(4e52f214e54e70c4b9f8bd8ddd19b61f) Importer(815301076,1909f56bfc062723c751e8b465ee728b) (PreviewImporter) -> (artifact id: '03c7bc8c1a61868a13451c0fd45b73b1') in 0.0006213 seconds
Number of updated asset objects reloaded before import = 0Number of asset objects unloaded after import = 0

========================================================================
Received Import Request.
  Time since last request: 24.274102 seconds.
  path: Assets/SyntyStudios/PolygonKnights/Scenes/Demo.unity
  artifactKey: Guid(c7214231c137bfb46bb461c5c95ec794) Importer(815301076,1909f56bfc062723c751e8b465ee728b)
Start importing Assets/SyntyStudios/PolygonKnights/Scenes/Demo.unity using Guid(c7214231c137bfb46bb461c5c95ec794) Importer(815301076,1909f56bfc062723c751e8b465ee728b) (PreviewImporter) -> (artifact id: 'bb17d848213945bca4f67db5276fe283') in 0.0007489 seconds
Number of updated asset objects reloaded before import = 0Number of asset objects unloaded after import = 0

